column_index,column_level,column_level_1,column_level_1_ref_note,digest_table_sub_id,is_total,location,location_type,row_index,row_level,row_level_1,value,year,deflator,row_level_2,standard_error
A,1990,1990,Based on 1989 incomes collected in the 1990 census.,A,true,United States,country,1,United States,United States,60000,1990,Consumer Price Index Research Series Using Current Methods (CPI-U-RS),,
A,1990,1990,Based on 1989 incomes collected in the 1990 census.,A,false,Alabama,State,2,United States:::Alabama,United States,47100,1990,Consumer Price Index Research Series Using Current Methods (CPI-U-RS),Alabama,
A,1990,1990,Based on 1989 incomes collected in the 1990 census.,A,false,Alaska,State,3,United States:::Alaska,United States,82700,1990,Consumer Price Index Research Series Using Current Methods (CPI-U-RS),Alaska,
A,1990,1990,Based on 1989 incomes collected in the 1990 census.,A,false,Arizona,State,4,United States:::Arizona,United States,55000,1990,Consumer Price Index Research Series Using Current Methods (CPI-U-RS),Arizona,
A,1990,1990,Based on 1989 incomes collected in the 1990 census.,A,false,Arkansas,State,5,United States:::Arkansas,United States,42200,1990,Consumer Price Index Research Series Using Current Methods (CPI-U-RS),Arkansas,
A,1990,1990,Based on 1989 incomes collected in the 1990 census.,A,false,California,State,6,United States:::California,United States,71500,1990,Consumer Price Index Research Series Using Current Methods (CPI-U-RS),California,
A,1990,1990,Based on 1989 incomes collected in the 1990 census.,A,false,Colorado,State,7,United States:::Colorado,United States,60200,1990,Consumer Price Index Research Series Using Current Methods (CPI-U-RS),Colorado,
A,1990,1990,Based on 1989 incomes collected in the 1990 census.,A,false,Connecticut,State,8,United States:::Connecticut,United States,83300,1990,Consumer Price Index Research Series Using Current Methods (CPI-U-RS),Connecticut,
A,1990,1990,Based on 1989 incomes collected in the 1990 census.,A,false,Delaware,State,9,United States:::Delaware,United States,69600,1990,Consumer Price Index Research Series Using Current Methods (CPI-U-RS),Delaware,
A,1990,1990,Based on 1989 incomes collected in the 1990 census.,A,false,District of Columbia,State,10,United States:::District of Columbia,United States,61300,1990,Consumer Price Index Research Series Using Current Methods (CPI-U-RS),District of Columbia,
A,1990,1990,Based on 1989 incomes collected in the 1990 census.,A,false,Florida,State,11,United States:::Florida,United States,54900,1990,Consumer Price Index Research Series Using Current Methods (CPI-U-RS),Florida,
A,1990,1990,Based on 1989 incomes collected in the 1990 census.,A,false,Georgia,State,12,United States:::Georgia,United States,57900,1990,Consumer Price Index Research Series Using Current Methods (CPI-U-RS),Georgia,
A,1990,1990,Based on 1989 incomes collected in the 1990 census.,A,false,Hawaii,State,13,United States:::Hawaii,United States,77500,1990,Consumer Price Index Research Series Using Current Methods (CPI-U-RS),Hawaii,
A,1990,1990,Based on 1989 incomes collected in the 1990 census.,A,false,Idaho,State,14,United States:::Idaho,United States,50400,1990,Consumer Price Index Research Series Using Current Methods (CPI-U-RS),Idaho,
A,1990,1990,Based on 1989 incomes collected in the 1990 census.,A,false,Illinois,State,15,United States:::Illinois,United States,64400,1990,Consumer Price Index Research Series Using Current Methods (CPI-U-RS),Illinois,
A,1990,1990,Based on 1989 incomes collected in the 1990 census.,A,false,Indiana,State,16,United States:::Indiana,United States,57500,1990,Consumer Price Index Research Series Using Current Methods (CPI-U-RS),Indiana,
A,1990,1990,Based on 1989 incomes collected in the 1990 census.,A,false,Iowa,State,17,United States:::Iowa,United States,52400,1990,Consumer Price Index Research Series Using Current Methods (CPI-U-RS),Iowa,
A,1990,1990,Based on 1989 incomes collected in the 1990 census.,A,false,Kansas,State,18,United States:::Kansas,United States,54500,1990,Consumer Price Index Research Series Using Current Methods (CPI-U-RS),Kansas,
A,1990,1990,Based on 1989 incomes collected in the 1990 census.,A,false,Kentucky,State,19,United States:::Kentucky,United States,45000,1990,Consumer Price Index Research Series Using Current Methods (CPI-U-RS),Kentucky,
A,1990,1990,Based on 1989 incomes collected in the 1990 census.,A,false,Louisiana,State,20,United States:::Louisiana,United States,43800,1990,Consumer Price Index Research Series Using Current Methods (CPI-U-RS),Louisiana,
A,1990,1990,Based on 1989 incomes collected in the 1990 census.,A,false,Maine,State,21,United States:::Maine,United States,55600,1990,Consumer Price Index Research Series Using Current Methods (CPI-U-RS),Maine,
A,1990,1990,Based on 1989 incomes collected in the 1990 census.,A,false,Maryland,State,22,United States:::Maryland,United States,78600,1990,Consumer Price Index Research Series Using Current Methods (CPI-U-RS),Maryland,
A,1990,1990,Based on 1989 incomes collected in the 1990 census.,A,false,Massachusetts,State,23,United States:::Massachusetts,United States,73800,1990,Consumer Price Index Research Series Using Current Methods (CPI-U-RS),Massachusetts,
A,1990,1990,Based on 1989 incomes collected in the 1990 census.,A,false,Michigan,State,24,United States:::Michigan,United States,61900,1990,Consumer Price Index Research Series Using Current Methods (CPI-U-RS),Michigan,
A,1990,1990,Based on 1989 incomes collected in the 1990 census.,A,false,Minnesota,State,25,United States:::Minnesota,United States,61700,1990,Consumer Price Index Research Series Using Current Methods (CPI-U-RS),Minnesota,
A,1990,1990,Based on 1989 incomes collected in the 1990 census.,A,false,Mississippi,State,26,United States:::Mississippi,United States,40200,1990,Consumer Price Index Research Series Using Current Methods (CPI-U-RS),Mississippi,
A,1990,1990,Based on 1989 incomes collected in the 1990 census.,A,false,Missouri,State,27,United States:::Missouri,United States,52600,1990,Consumer Price Index Research Series Using Current Methods (CPI-U-RS),Missouri,
A,1990,1990,Based on 1989 incomes collected in the 1990 census.,A,false,Montana,State,28,United States:::Montana,United States,45900,1990,Consumer Price Index Research Series Using Current Methods (CPI-U-RS),Montana,
A,1990,1990,Based on 1989 incomes collected in the 1990 census.,A,false,Nebraska,State,29,United States:::Nebraska,United States,51900,1990,Consumer Price Index Research Series Using Current Methods (CPI-U-RS),Nebraska,
A,1990,1990,Based on 1989 incomes collected in the 1990 census.,A,false,Nevada,State,30,United States:::Nevada,United States,61900,1990,Consumer Price Index Research Series Using Current Methods (CPI-U-RS),Nevada,
A,1990,1990,Based on 1989 incomes collected in the 1990 census.,A,false,New Hampshire,State,31,United States:::New Hampshire,United States,72500,1990,Consumer Price Index Research Series Using Current Methods (CPI-U-RS),New Hampshire,
A,1990,1990,Based on 1989 incomes collected in the 1990 census.,A,false,New Jersey,State,32,United States:::New Jersey,United States,81700,1990,Consumer Price Index Research Series Using Current Methods (CPI-U-RS),New Jersey,
A,1990,1990,Based on 1989 incomes collected in the 1990 census.,A,false,New Mexico,State,33,United States:::New Mexico,United States,48100,1990,Consumer Price Index Research Series Using Current Methods (CPI-U-RS),New Mexico,
A,1990,1990,Based on 1989 incomes collected in the 1990 census.,A,false,New York,State,34,United States:::New York,United States,65800,1990,Consumer Price Index Research Series Using Current Methods (CPI-U-RS),New York,
A,1990,1990,Based on 1989 incomes collected in the 1990 census.,A,false,North Carolina,State,35,United States:::North Carolina,United States,53200,1990,Consumer Price Index Research Series Using Current Methods (CPI-U-RS),North Carolina,
A,1990,1990,Based on 1989 incomes collected in the 1990 census.,A,false,North Dakota,State,36,United States:::North Dakota,United States,46300,1990,Consumer Price Index Research Series Using Current Methods (CPI-U-RS),North Dakota,
A,1990,1990,Based on 1989 incomes collected in the 1990 census.,A,false,Ohio,State,37,United States:::Ohio,United States,57300,1990,Consumer Price Index Research Series Using Current Methods (CPI-U-RS),Ohio,
A,1990,1990,Based on 1989 incomes collected in the 1990 census.,A,false,Oklahoma,State,38,United States:::Oklahoma,United States,47100,1990,Consumer Price Index Research Series Using Current Methods (CPI-U-RS),Oklahoma,
A,1990,1990,Based on 1989 incomes collected in the 1990 census.,A,false,Oregon,State,39,United States:::Oregon,United States,54400,1990,Consumer Price Index Research Series Using Current Methods (CPI-U-RS),Oregon,
A,1990,1990,Based on 1989 incomes collected in the 1990 census.,A,false,Pennsylvania,State,40,United States:::Pennsylvania,United States,58000,1990,Consumer Price Index Research Series Using Current Methods (CPI-U-RS),Pennsylvania,
A,1990,1990,Based on 1989 incomes collected in the 1990 census.,A,false,Rhode Island,State,41,United States:::Rhode Island,United States,64200,1990,Consumer Price Index Research Series Using Current Methods (CPI-U-RS),Rhode Island,
A,1990,1990,Based on 1989 incomes collected in the 1990 census.,A,false,South Carolina,State,42,United States:::South Carolina,United States,52400,1990,Consumer Price Index Research Series Using Current Methods (CPI-U-RS),South Carolina,
A,1990,1990,Based on 1989 incomes collected in the 1990 census.,A,false,South Dakota,State,43,United States:::South Dakota,United States,44900,1990,Consumer Price Index Research Series Using Current Methods (CPI-U-RS),South Dakota,
A,1990,1990,Based on 1989 incomes collected in the 1990 census.,A,false,Tennessee,State,44,United States:::Tennessee,United States,49500,1990,Consumer Price Index Research Series Using Current Methods (CPI-U-RS),Tennessee,
A,1990,1990,Based on 1989 incomes collected in the 1990 census.,A,false,Texas,State,45,United States:::Texas,United States,53900,1990,Consumer Price Index Research Series Using Current Methods (CPI-U-RS),Texas,
A,1990,1990,Based on 1989 incomes collected in the 1990 census.,A,false,Utah,State,46,United States:::Utah,United States,58800,1990,Consumer Price Index Research Series Using Current Methods (CPI-U-RS),Utah,
A,1990,1990,Based on 1989 incomes collected in the 1990 census.,A,false,Vermont,State,47,United States:::Vermont,United States,59500,1990,Consumer Price Index Research Series Using Current Methods (CPI-U-RS),Vermont,
A,1990,1990,Based on 1989 incomes collected in the 1990 census.,A,false,Virginia,State,48,United States:::Virginia,United States,66500,1990,Consumer Price Index Research Series Using Current Methods (CPI-U-RS),Virginia,
A,1990,1990,Based on 1989 incomes collected in the 1990 census.,A,false,Washington,State,49,United States:::Washington,United States,62300,1990,Consumer Price Index Research Series Using Current Methods (CPI-U-RS),Washington,
A,1990,1990,Based on 1989 incomes collected in the 1990 census.,A,false,West Virginia,State,50,United States:::West Virginia,United States,41500,1990,Consumer Price Index Research Series Using Current Methods (CPI-U-RS),West Virginia,
A,1990,1990,Based on 1989 incomes collected in the 1990 census.,A,false,Wisconsin,State,51,United States:::Wisconsin,United States,58800,1990,Consumer Price Index Research Series Using Current Methods (CPI-U-RS),Wisconsin,
A,1990,1990,Based on 1989 incomes collected in the 1990 census.,A,false,Wyoming,State,52,United States:::Wyoming,United States,54100,1990,Consumer Price Index Research Series Using Current Methods (CPI-U-RS),Wyoming,
B,2000,2000,Based on 1999 incomes collected in the 2000 census.,A,true,United States,country,1,United States,United States,64600,2000,Consumer Price Index Research Series Using Current Methods (CPI-U-RS),,
B,2000,2000,Based on 1999 incomes collected in the 2000 census.,A,false,Alabama,State,2,United States:::Alabama,United States,52500,2000,Consumer Price Index Research Series Using Current Methods (CPI-U-RS),Alabama,
B,2000,2000,Based on 1999 incomes collected in the 2000 census.,A,false,Alaska,State,3,United States:::Alaska,United States,79400,2000,Consumer Price Index Research Series Using Current Methods (CPI-U-RS),Alaska,
B,2000,2000,Based on 1999 incomes collected in the 2000 census.,A,false,Arizona,State,4,United States:::Arizona,United States,62400,2000,Consumer Price Index Research Series Using Current Methods (CPI-U-RS),Arizona,
B,2000,2000,Based on 1999 incomes collected in the 2000 census.,A,false,Arkansas,State,5,United States:::Arkansas,United States,49500,2000,Consumer Price Index Research Series Using Current Methods (CPI-U-RS),Arkansas,
B,2000,2000,Based on 1999 incomes collected in the 2000 census.,A,false,California,State,6,United States:::California,United States,73100,2000,Consumer Price Index Research Series Using Current Methods (CPI-U-RS),California,
B,2000,2000,Based on 1999 incomes collected in the 2000 census.,A,false,Colorado,State,7,United States:::Colorado,United States,72700,2000,Consumer Price Index Research Series Using Current Methods (CPI-U-RS),Colorado,
B,2000,2000,Based on 1999 incomes collected in the 2000 census.,A,false,Connecticut,State,8,United States:::Connecticut,United States,83000,2000,Consumer Price Index Research Series Using Current Methods (CPI-U-RS),Connecticut,
B,2000,2000,Based on 1999 incomes collected in the 2000 census.,A,false,Delaware,State,9,United States:::Delaware,United States,72900,2000,Consumer Price Index Research Series Using Current Methods (CPI-U-RS),Delaware,
B,2000,2000,Based on 1999 incomes collected in the 2000 census.,A,false,District of Columbia,State,10,United States:::District of Columbia,United States,61800,2000,Consumer Price Index Research Series Using Current Methods (CPI-U-RS),District of Columbia,
B,2000,2000,Based on 1999 incomes collected in the 2000 census.,A,false,Florida,State,11,United States:::Florida,United States,59800,2000,Consumer Price Index Research Series Using Current Methods (CPI-U-RS),Florida,
B,2000,2000,Based on 1999 incomes collected in the 2000 census.,A,false,Georgia,State,12,United States:::Georgia,United States,65300,2000,Consumer Price Index Research Series Using Current Methods (CPI-U-RS),Georgia,
B,2000,2000,Based on 1999 incomes collected in the 2000 census.,A,false,Hawaii,State,13,United States:::Hawaii,United States,76700,2000,Consumer Price Index Research Series Using Current Methods (CPI-U-RS),Hawaii,
B,2000,2000,Based on 1999 incomes collected in the 2000 census.,A,false,Idaho,State,14,United States:::Idaho,United States,57800,2000,Consumer Price Index Research Series Using Current Methods (CPI-U-RS),Idaho,
B,2000,2000,Based on 1999 incomes collected in the 2000 census.,A,false,Illinois,State,15,United States:::Illinois,United States,71700,2000,Consumer Price Index Research Series Using Current Methods (CPI-U-RS),Illinois,
B,2000,2000,Based on 1999 incomes collected in the 2000 census.,A,false,Indiana,State,16,United States:::Indiana,United States,64000,2000,Consumer Price Index Research Series Using Current Methods (CPI-U-RS),Indiana,
B,2000,2000,Based on 1999 incomes collected in the 2000 census.,A,false,Iowa,State,17,United States:::Iowa,United States,60800,2000,Consumer Price Index Research Series Using Current Methods (CPI-U-RS),Iowa,
B,2000,2000,Based on 1999 incomes collected in the 2000 census.,A,false,Kansas,State,18,United States:::Kansas,United States,62500,2000,Consumer Price Index Research Series Using Current Methods (CPI-U-RS),Kansas,
B,2000,2000,Based on 1999 incomes collected in the 2000 census.,A,false,Kentucky,State,19,United States:::Kentucky,United States,51800,2000,Consumer Price Index Research Series Using Current Methods (CPI-U-RS),Kentucky,
B,2000,2000,Based on 1999 incomes collected in the 2000 census.,A,false,Louisiana,State,20,United States:::Louisiana,United States,50100,2000,Consumer Price Index Research Series Using Current Methods (CPI-U-RS),Louisiana,
B,2000,2000,Based on 1999 incomes collected in the 2000 census.,A,false,Maine,State,21,United States:::Maine,United States,57300,2000,Consumer Price Index Research Series Using Current Methods (CPI-U-RS),Maine,
B,2000,2000,Based on 1999 incomes collected in the 2000 census.,A,false,Maryland,State,22,United States:::Maryland,United States,81400,2000,Consumer Price Index Research Series Using Current Methods (CPI-U-RS),Maryland,
B,2000,2000,Based on 1999 incomes collected in the 2000 census.,A,false,Massachusetts,State,23,United States:::Massachusetts,United States,77700,2000,Consumer Price Index Research Series Using Current Methods (CPI-U-RS),Massachusetts,
B,2000,2000,Based on 1999 incomes collected in the 2000 census.,A,false,Michigan,State,24,United States:::Michigan,United States,68800,2000,Consumer Price Index Research Series Using Current Methods (CPI-U-RS),Michigan,
B,2000,2000,Based on 1999 incomes collected in the 2000 census.,A,false,Minnesota,State,25,United States:::Minnesota,United States,72500,2000,Consumer Price Index Research Series Using Current Methods (CPI-U-RS),Minnesota,
B,2000,2000,Based on 1999 incomes collected in the 2000 census.,A,false,Mississippi,State,26,United States:::Mississippi,United States,48200,2000,Consumer Price Index Research Series Using Current Methods (CPI-U-RS),Mississippi,
B,2000,2000,Based on 1999 incomes collected in the 2000 census.,A,false,Missouri,State,27,United States:::Missouri,United States,58400,2000,Consumer Price Index Research Series Using Current Methods (CPI-U-RS),Missouri,
B,2000,2000,Based on 1999 incomes collected in the 2000 census.,A,false,Montana,State,28,United States:::Montana,United States,50800,2000,Consumer Price Index Research Series Using Current Methods (CPI-U-RS),Montana,
B,2000,2000,Based on 1999 incomes collected in the 2000 census.,A,false,Nebraska,State,29,United States:::Nebraska,United States,60400,2000,Consumer Price Index Research Series Using Current Methods (CPI-U-RS),Nebraska,
B,2000,2000,Based on 1999 incomes collected in the 2000 census.,A,false,Nevada,State,30,United States:::Nevada,United States,68600,2000,Consumer Price Index Research Series Using Current Methods (CPI-U-RS),Nevada,
B,2000,2000,Based on 1999 incomes collected in the 2000 census.,A,false,New Hampshire,State,31,United States:::New Hampshire,United States,76100,2000,Consumer Price Index Research Series Using Current Methods (CPI-U-RS),New Hampshire,
B,2000,2000,Based on 1999 incomes collected in the 2000 census.,A,false,New Jersey,State,32,United States:::New Jersey,United States,84900,2000,Consumer Price Index Research Series Using Current Methods (CPI-U-RS),New Jersey,
B,2000,2000,Based on 1999 incomes collected in the 2000 census.,A,false,New Mexico,State,33,United States:::New Mexico,United States,52500,2000,Consumer Price Index Research Series Using Current Methods (CPI-U-RS),New Mexico,
B,2000,2000,Based on 1999 incomes collected in the 2000 census.,A,false,New York,State,34,United States:::New York,United States,66800,2000,Consumer Price Index Research Series Using Current Methods (CPI-U-RS),New York,
B,2000,2000,Based on 1999 incomes collected in the 2000 census.,A,false,North Carolina,State,35,United States:::North Carolina,United States,60300,2000,Consumer Price Index Research Series Using Current Methods (CPI-U-RS),North Carolina,
B,2000,2000,Based on 1999 incomes collected in the 2000 census.,A,false,North Dakota,State,36,United States:::North Dakota,United States,53300,2000,Consumer Price Index Research Series Using Current Methods (CPI-U-RS),North Dakota,
B,2000,2000,Based on 1999 incomes collected in the 2000 census.,A,false,Ohio,State,37,United States:::Ohio,United States,63000,2000,Consumer Price Index Research Series Using Current Methods (CPI-U-RS),Ohio,
B,2000,2000,Based on 1999 incomes collected in the 2000 census.,A,false,Oklahoma,State,38,United States:::Oklahoma,United States,51400,2000,Consumer Price Index Research Series Using Current Methods (CPI-U-RS),Oklahoma,
B,2000,2000,Based on 1999 incomes collected in the 2000 census.,A,false,Oregon,State,39,United States:::Oregon,United States,63000,2000,Consumer Price Index Research Series Using Current Methods (CPI-U-RS),Oregon,
B,2000,2000,Based on 1999 incomes collected in the 2000 census.,A,false,Pennsylvania,State,40,United States:::Pennsylvania,United States,61700,2000,Consumer Price Index Research Series Using Current Methods (CPI-U-RS),Pennsylvania,
B,2000,2000,Based on 1999 incomes collected in the 2000 census.,A,false,Rhode Island,State,41,United States:::Rhode Island,United States,64800,2000,Consumer Price Index Research Series Using Current Methods (CPI-U-RS),Rhode Island,
B,2000,2000,Based on 1999 incomes collected in the 2000 census.,A,false,South Carolina,State,42,United States:::South Carolina,United States,57100,2000,Consumer Price Index Research Series Using Current Methods (CPI-U-RS),South Carolina,
B,2000,2000,Based on 1999 incomes collected in the 2000 census.,A,false,South Dakota,State,43,United States:::South Dakota,United States,54300,2000,Consumer Price Index Research Series Using Current Methods (CPI-U-RS),South Dakota,
B,2000,2000,Based on 1999 incomes collected in the 2000 census.,A,false,Tennessee,State,44,United States:::Tennessee,United States,56000,2000,Consumer Price Index Research Series Using Current Methods (CPI-U-RS),Tennessee,
B,2000,2000,Based on 1999 incomes collected in the 2000 census.,A,false,Texas,State,45,United States:::Texas,United States,61500,2000,Consumer Price Index Research Series Using Current Methods (CPI-U-RS),Texas,
B,2000,2000,Based on 1999 incomes collected in the 2000 census.,A,false,Utah,State,46,United States:::Utah,United States,70400,2000,Consumer Price Index Research Series Using Current Methods (CPI-U-RS),Utah,
B,2000,2000,Based on 1999 incomes collected in the 2000 census.,A,false,Vermont,State,47,United States:::Vermont,United States,62900,2000,Consumer Price Index Research Series Using Current Methods (CPI-U-RS),Vermont,
B,2000,2000,Based on 1999 incomes collected in the 2000 census.,A,false,Virginia,State,48,United States:::Virginia,United States,71800,2000,Consumer Price Index Research Series Using Current Methods (CPI-U-RS),Virginia,
B,2000,2000,Based on 1999 incomes collected in the 2000 census.,A,false,Washington,State,49,United States:::Washington,United States,70500,2000,Consumer Price Index Research Series Using Current Methods (CPI-U-RS),Washington,
B,2000,2000,Based on 1999 incomes collected in the 2000 census.,A,false,West Virginia,State,50,United States:::West Virginia,United States,45700,2000,Consumer Price Index Research Series Using Current Methods (CPI-U-RS),West Virginia,
B,2000,2000,Based on 1999 incomes collected in the 2000 census.,A,false,Wisconsin,State,51,United States:::Wisconsin,United States,67400,2000,Consumer Price Index Research Series Using Current Methods (CPI-U-RS),Wisconsin,
B,2000,2000,Based on 1999 incomes collected in the 2000 census.,A,false,Wyoming,State,52,United States:::Wyoming,United States,58300,2000,Consumer Price Index Research Series Using Current Methods (CPI-U-RS),Wyoming,
C,2005,2005,,A,true,United States,country,1,United States,United States,60700,2005,Consumer Price Index Research Series Using Current Methods (CPI-U-RS),,80.0
C,2005,2005,,A,false,Alabama,State,2,United States:::Alabama,United States,48400,2005,Consumer Price Index Research Series Using Current Methods (CPI-U-RS),Alabama,420.0
C,2005,2005,,A,false,Alaska,State,3,United States:::Alaska,United States,73800,2005,Consumer Price Index Research Series Using Current Methods (CPI-U-RS),Alaska,1440.0
C,2005,2005,,A,false,Arizona,State,4,United States:::Arizona,United States,58100,2005,Consumer Price Index Research Series Using Current Methods (CPI-U-RS),Arizona,520.0
C,2005,2005,,A,false,Arkansas,State,5,United States:::Arkansas,United States,45900,2005,Consumer Price Index Research Series Using Current Methods (CPI-U-RS),Arkansas,480.0
C,2005,2005,,A,false,California,State,6,United States:::California,United States,70400,2005,Consumer Price Index Research Series Using Current Methods (CPI-U-RS),California,260.0
C,2005,2005,,A,false,Colorado,State,7,United States:::Colorado,United States,66500,2005,Consumer Price Index Research Series Using Current Methods (CPI-U-RS),Colorado,440.0
C,2005,2005,,A,false,Connecticut,State,8,United States:::Connecticut,United States,80000,2005,Consumer Price Index Research Series Using Current Methods (CPI-U-RS),Connecticut,650.0
C,2005,2005,,A,false,Delaware,State,9,United States:::Delaware,United States,68900,2005,Consumer Price Index Research Series Using Current Methods (CPI-U-RS),Delaware,1130.0
C,2005,2005,,A,false,District of Columbia,State,10,United States:::District of Columbia,United States,62000,2005,Consumer Price Index Research Series Using Current Methods (CPI-U-RS),District of Columbia,1540.0
C,2005,2005,,A,false,Florida,State,11,United States:::Florida,United States,55700,2005,Consumer Price Index Research Series Using Current Methods (CPI-U-RS),Florida,220.0
C,2005,2005,,A,false,Georgia,State,12,United States:::Georgia,United States,59800,2005,Consumer Price Index Research Series Using Current Methods (CPI-U-RS),Georgia,350.0
C,2005,2005,,A,false,Hawaii,State,13,United States:::Hawaii,United States,76300,2005,Consumer Price Index Research Series Using Current Methods (CPI-U-RS),Hawaii,1570.0
C,2005,2005,,A,false,Idaho,State,14,United States:::Idaho,United States,54400,2005,Consumer Price Index Research Series Using Current Methods (CPI-U-RS),Idaho,670.0
C,2005,2005,,A,false,Illinois,State,15,United States:::Illinois,United States,66000,2005,Consumer Price Index Research Series Using Current Methods (CPI-U-RS),Illinois,270.0
C,2005,2005,,A,false,Indiana,State,16,United States:::Indiana,United States,57700,2005,Consumer Price Index Research Series Using Current Methods (CPI-U-RS),Indiana,400.0
C,2005,2005,,A,false,Iowa,State,17,United States:::Iowa,United States,57200,2005,Consumer Price Index Research Series Using Current Methods (CPI-U-RS),Iowa,410.0
C,2005,2005,,A,false,Kansas,State,18,United States:::Kansas,United States,56300,2005,Consumer Price Index Research Series Using Current Methods (CPI-U-RS),Kansas,580.0
C,2005,2005,,A,false,Kentucky,State,19,United States:::Kentucky,United States,49000,2005,Consumer Price Index Research Series Using Current Methods (CPI-U-RS),Kentucky,380.0
C,2005,2005,,A,false,Louisiana,State,20,United States:::Louisiana,United States,48200,2005,Consumer Price Index Research Series Using Current Methods (CPI-U-RS),Louisiana,460.0
C,2005,2005,,A,false,Maine,State,21,United States:::Maine,United States,56200,2005,Consumer Price Index Research Series Using Current Methods (CPI-U-RS),Maine,770.0
C,2005,2005,,A,false,Maryland,State,22,United States:::Maryland,United States,80800,2005,Consumer Price Index Research Series Using Current Methods (CPI-U-RS),Maryland,470.0
C,2005,2005,,A,false,Massachusetts,State,23,United States:::Massachusetts,United States,75000,2005,Consumer Price Index Research Series Using Current Methods (CPI-U-RS),Massachusetts,550.0
C,2005,2005,,A,false,Michigan,State,24,United States:::Michigan,United States,60400,2005,Consumer Price Index Research Series Using Current Methods (CPI-U-RS),Michigan,360.0
C,2005,2005,,A,false,Minnesota,State,25,United States:::Minnesota,United States,68300,2005,Consumer Price Index Research Series Using Current Methods (CPI-U-RS),Minnesota,290.0
C,2005,2005,,A,false,Mississippi,State,26,United States:::Mississippi,United States,43200,2005,Consumer Price Index Research Series Using Current Methods (CPI-U-RS),Mississippi,490.0
C,2005,2005,,A,false,Missouri,State,27,United States:::Missouri,United States,55100,2005,Consumer Price Index Research Series Using Current Methods (CPI-U-RS),Missouri,290.0
C,2005,2005,,A,false,Montana,State,28,United States:::Montana,United States,51600,2005,Consumer Price Index Research Series Using Current Methods (CPI-U-RS),Montana,770.0
C,2005,2005,,A,false,Nebraska,State,29,United States:::Nebraska,United States,57500,2005,Consumer Price Index Research Series Using Current Methods (CPI-U-RS),Nebraska,610.0
C,2005,2005,,A,false,Nevada,State,30,United States:::Nevada,United States,64500,2005,Consumer Price Index Research Series Using Current Methods (CPI-U-RS),Nevada,710.0
C,2005,2005,,A,false,New Hampshire,State,31,United States:::New Hampshire,United States,74500,2005,Consumer Price Index Research Series Using Current Methods (CPI-U-RS),New Hampshire,800.0
C,2005,2005,,A,false,New Jersey,State,32,United States:::New Jersey,United States,80900,2005,Consumer Price Index Research Series Using Current Methods (CPI-U-RS),New Jersey,420.0
C,2005,2005,,A,false,New Mexico,State,33,United States:::New Mexico,United States,49200,2005,Consumer Price Index Research Series Using Current Methods (CPI-U-RS),New Mexico,600.0
C,2005,2005,,A,false,New York,State,34,United States:::New York,United States,64900,2005,Consumer Price Index Research Series Using Current Methods (CPI-U-RS),New York,340.0
C,2005,2005,,A,false,North Carolina,State,35,United States:::North Carolina,United States,53400,2005,Consumer Price Index Research Series Using Current Methods (CPI-U-RS),North Carolina,260.0
C,2005,2005,,A,false,North Dakota,State,36,United States:::North Dakota,United States,53800,2005,Consumer Price Index Research Series Using Current Methods (CPI-U-RS),North Dakota,560.0
C,2005,2005,,A,false,Ohio,State,37,United States:::Ohio,United States,57100,2005,Consumer Price Index Research Series Using Current Methods (CPI-U-RS),Ohio,270.0
C,2005,2005,,A,false,Oklahoma,State,38,United States:::Oklahoma,United States,48600,2005,Consumer Price Index Research Series Using Current Methods (CPI-U-RS),Oklahoma,450.0
C,2005,2005,,A,false,Oregon,State,39,United States:::Oregon,United States,56400,2005,Consumer Price Index Research Series Using Current Methods (CPI-U-RS),Oregon,460.0
C,2005,2005,,A,false,Pennsylvania,State,40,United States:::Pennsylvania,United States,58400,2005,Consumer Price Index Research Series Using Current Methods (CPI-U-RS),Pennsylvania,310.0
C,2005,2005,,A,false,Rhode Island,State,41,United States:::Rhode Island,United States,67500,2005,Consumer Price Index Research Series Using Current Methods (CPI-U-RS),Rhode Island,1100.0
C,2005,2005,,A,false,South Carolina,State,42,United States:::South Carolina,United States,51600,2005,Consumer Price Index Research Series Using Current Methods (CPI-U-RS),South Carolina,490.0
C,2005,2005,,A,false,South Dakota,State,43,United States:::South Dakota,United States,52900,2005,Consumer Price Index Research Series Using Current Methods (CPI-U-RS),South Dakota,710.0
C,2005,2005,,A,false,Tennessee,State,44,United States:::Tennessee,United States,51000,2005,Consumer Price Index Research Series Using Current Methods (CPI-U-RS),Tennessee,380.0
C,2005,2005,,A,false,Texas,State,45,United States:::Texas,United States,55300,2005,Consumer Price Index Research Series Using Current Methods (CPI-U-RS),Texas,200.0
C,2005,2005,,A,false,Utah,State,46,United States:::Utah,United States,62900,2005,Consumer Price Index Research Series Using Current Methods (CPI-U-RS),Utah,750.0
C,2005,2005,,A,false,Vermont,State,47,United States:::Vermont,United States,60000,2005,Consumer Price Index Research Series Using Current Methods (CPI-U-RS),Vermont,950.0
C,2005,2005,,A,false,Virginia,State,48,United States:::Virginia,United States,71200,2005,Consumer Price Index Research Series Using Current Methods (CPI-U-RS),Virginia,430.0
C,2005,2005,,A,false,Washington,State,49,United States:::Washington,United States,64600,2005,Consumer Price Index Research Series Using Current Methods (CPI-U-RS),Washington,510.0
C,2005,2005,,A,false,West Virginia,State,50,United States:::West Virginia,United States,43900,2005,Consumer Price Index Research Series Using Current Methods (CPI-U-RS),West Virginia,640.0
C,2005,2005,,A,false,Wisconsin,State,51,United States:::Wisconsin,United States,61800,2005,Consumer Price Index Research Series Using Current Methods (CPI-U-RS),Wisconsin,310.0
C,2005,2005,,A,false,Wyoming,State,52,United States:::Wyoming,United States,60600,2005,Consumer Price Index Research Series Using Current Methods (CPI-U-RS),Wyoming,1210.0
E,2010,2010,,A,true,United States,country,1,United States,United States,58800,2010,Consumer Price Index Research Series Using Current Methods (CPI-U-RS),,50.0
E,2010,2010,,A,false,Alabama,State,2,United States:::Alabama,United States,47600,2010,Consumer Price Index Research Series Using Current Methods (CPI-U-RS),Alabama,340.0
E,2010,2010,,A,false,Alaska,State,3,United States:::Alaska,United States,75900,2010,Consumer Price Index Research Series Using Current Methods (CPI-U-RS),Alaska,1490.0
E,2010,2010,,A,false,Arizona,State,4,United States:::Arizona,United States,55000,2010,Consumer Price Index Research Series Using Current Methods (CPI-U-RS),Arizona,380.0
E,2010,2010,,A,false,Arkansas,State,5,United States:::Arkansas,United States,45000,2010,Consumer Price Index Research Series Using Current Methods (CPI-U-RS),Arkansas,460.0
E,2010,2010,,A,false,California,State,6,United States:::California,United States,67800,2010,Consumer Price Index Research Series Using Current Methods (CPI-U-RS),California,250.0
E,2010,2010,,A,false,Colorado,State,7,United States:::Colorado,United States,63500,2010,Consumer Price Index Research Series Using Current Methods (CPI-U-RS),Colorado,520.0
E,2010,2010,,A,false,Connecticut,State,8,United States:::Connecticut,United States,75200,2010,Consumer Price Index Research Series Using Current Methods (CPI-U-RS),Connecticut,780.0
E,2010,2010,,A,false,Delaware,State,9,United States:::Delaware,United States,65600,2010,Consumer Price Index Research Series Using Current Methods (CPI-U-RS),Delaware,1070.0
E,2010,2010,,A,false,District of Columbia,State,10,United States:::District of Columbia,United States,71600,2010,Consumer Price Index Research Series Using Current Methods (CPI-U-RS),District of Columbia,1100.0
E,2010,2010,,A,false,Florida,State,11,United States:::Florida,United States,52200,2010,Consumer Price Index Research Series Using Current Methods (CPI-U-RS),Florida,230.0
E,2010,2010,,A,false,Georgia,State,12,United States:::Georgia,United States,54600,2010,Consumer Price Index Research Series Using Current Methods (CPI-U-RS),Georgia,340.0
E,2010,2010,,A,false,Hawaii,State,13,United States:::Hawaii,United States,74100,2010,Consumer Price Index Research Series Using Current Methods (CPI-U-RS),Hawaii,1110.0
E,2010,2010,,A,false,Idaho,State,14,United States:::Idaho,United States,51100,2010,Consumer Price Index Research Series Using Current Methods (CPI-U-RS),Idaho,720.0
E,2010,2010,,A,false,Illinois,State,15,United States:::Illinois,United States,62200,2010,Consumer Price Index Research Series Using Current Methods (CPI-U-RS),Illinois,310.0
E,2010,2010,,A,false,Indiana,State,16,United States:::Indiana,United States,52400,2010,Consumer Price Index Research Series Using Current Methods (CPI-U-RS),Indiana,320.0
E,2010,2010,,A,false,Iowa,State,17,United States:::Iowa,United States,56400,2010,Consumer Price Index Research Series Using Current Methods (CPI-U-RS),Iowa,460.0
E,2010,2010,,A,false,Kansas,State,18,United States:::Kansas,United States,56700,2010,Consumer Price Index Research Series Using Current Methods (CPI-U-RS),Kansas,620.0
E,2010,2010,,A,false,Kentucky,State,19,United States:::Kentucky,United States,47100,2010,Consumer Price Index Research Series Using Current Methods (CPI-U-RS),Kentucky,360.0
E,2010,2010,,A,false,Louisiana,State,20,United States:::Louisiana,United States,49900,2010,Consumer Price Index Research Series Using Current Methods (CPI-U-RS),Louisiana,510.0
E,2010,2010,,A,false,Maine,State,21,United States:::Maine,United States,53800,2010,Consumer Price Index Research Series Using Current Methods (CPI-U-RS),Maine,680.0
E,2010,2010,,A,false,Maryland,State,22,United States:::Maryland,United States,80900,2010,Consumer Price Index Research Series Using Current Methods (CPI-U-RS),Maryland,660.0
E,2010,2010,,A,false,Massachusetts,State,23,United States:::Massachusetts,United States,72900,2010,Consumer Price Index Research Series Using Current Methods (CPI-U-RS),Massachusetts,290.0
E,2010,2010,,A,false,Michigan,State,24,United States:::Michigan,United States,53400,2010,Consumer Price Index Research Series Using Current Methods (CPI-U-RS),Michigan,220.0
E,2010,2010,,A,false,Minnesota,State,25,United States:::Minnesota,United States,65200,2010,Consumer Price Index Research Series Using Current Methods (CPI-U-RS),Minnesota,330.0
E,2010,2010,,A,false,Mississippi,State,26,United States:::Mississippi,United States,43300,2010,Consumer Price Index Research Series Using Current Methods (CPI-U-RS),Mississippi,450.0
E,2010,2010,,A,false,Missouri,State,27,United States:::Missouri,United States,52100,2010,Consumer Price Index Research Series Using Current Methods (CPI-U-RS),Missouri,360.0
E,2010,2010,,A,false,Montana,State,28,United States:::Montana,United States,50100,2010,Consumer Price Index Research Series Using Current Methods (CPI-U-RS),Montana,810.0
E,2010,2010,,A,false,Nebraska,State,29,United States:::Nebraska,United States,56900,2010,Consumer Price Index Research Series Using Current Methods (CPI-U-RS),Nebraska,650.0
E,2010,2010,,A,false,Nevada,State,30,United States:::Nevada,United States,59900,2010,Consumer Price Index Research Series Using Current Methods (CPI-U-RS),Nevada,570.0
E,2010,2010,,A,false,New Hampshire,State,31,United States:::New Hampshire,United States,71700,2010,Consumer Price Index Research Series Using Current Methods (CPI-U-RS),New Hampshire,820.0
E,2010,2010,,A,false,New Jersey,State,32,United States:::New Jersey,United States,79500,2010,Consumer Price Index Research Series Using Current Methods (CPI-U-RS),New Jersey,550.0
E,2010,2010,,A,false,New Mexico,State,33,United States:::New Mexico,United States,49500,2010,Consumer Price Index Research Series Using Current Methods (CPI-U-RS),New Mexico,520.0
E,2010,2010,,A,false,New York,State,34,United States:::New York,United States,63600,2010,Consumer Price Index Research Series Using Current Methods (CPI-U-RS),New York,270.0
E,2010,2010,,A,false,North Carolina,State,35,United States:::North Carolina,United States,50900,2010,Consumer Price Index Research Series Using Current Methods (CPI-U-RS),North Carolina,260.0
E,2010,2010,,A,false,North Dakota,State,36,United States:::North Dakota,United States,57200,2010,Consumer Price Index Research Series Using Current Methods (CPI-U-RS),North Dakota,1130.0
E,2010,2010,,A,false,Ohio,State,37,United States:::Ohio,United States,53000,2010,Consumer Price Index Research Series Using Current Methods (CPI-U-RS),Ohio,210.0
E,2010,2010,,A,false,Oklahoma,State,38,United States:::Oklahoma,United States,49400,2010,Consumer Price Index Research Series Using Current Methods (CPI-U-RS),Oklahoma,290.0
E,2010,2010,,A,false,Oregon,State,39,United States:::Oregon,United States,54700,2010,Consumer Price Index Research Series Using Current Methods (CPI-U-RS),Oregon,390.0
E,2010,2010,,A,false,Pennsylvania,State,40,United States:::Pennsylvania,United States,57900,2010,Consumer Price Index Research Series Using Current Methods (CPI-U-RS),Pennsylvania,310.0
E,2010,2010,,A,false,Rhode Island,State,41,United States:::Rhode Island,United States,61400,2010,Consumer Price Index Research Series Using Current Methods (CPI-U-RS),Rhode Island,890.0
E,2010,2010,,A,false,South Carolina,State,42,United States:::South Carolina,United States,49400,2010,Consumer Price Index Research Series Using Current Methods (CPI-U-RS),South Carolina,300.0
E,2010,2010,,A,false,South Dakota,State,43,United States:::South Dakota,United States,53900,2010,Consumer Price Index Research Series Using Current Methods (CPI-U-RS),South Dakota,870.0
E,2010,2010,,A,false,Tennessee,State,44,United States:::Tennessee,United States,48700,2010,Consumer Price Index Research Series Using Current Methods (CPI-U-RS),Tennessee,290.0
E,2010,2010,,A,false,Texas,State,45,United States:::Texas,United States,57100,2010,Consumer Price Index Research Series Using Current Methods (CPI-U-RS),Texas,250.0
E,2010,2010,,A,false,Utah,State,46,United States:::Utah,United States,64300,2010,Consumer Price Index Research Series Using Current Methods (CPI-U-RS),Utah,450.0
E,2010,2010,,A,false,Vermont,State,47,United States:::Vermont,United States,58100,2010,Consumer Price Index Research Series Using Current Methods (CPI-U-RS),Vermont,1060.0
E,2010,2010,,A,false,Virginia,State,48,United States:::Virginia,United States,71300,2010,Consumer Price Index Research Series Using Current Methods (CPI-U-RS),Virginia,330.0
E,2010,2010,,A,false,Washington,State,49,United States:::Washington,United States,65400,2010,Consumer Price Index Research Series Using Current Methods (CPI-U-RS),Washington,390.0
E,2010,2010,,A,false,West Virginia,State,50,United States:::West Virginia,United States,44900,2010,Consumer Price Index Research Series Using Current Methods (CPI-U-RS),West Virginia,640.0
E,2010,2010,,A,false,Wisconsin,State,51,United States:::Wisconsin,United States,57600,2010,Consumer Price Index Research Series Using Current Methods (CPI-U-RS),Wisconsin,360.0
E,2010,2010,,A,false,Wyoming,State,52,United States:::Wyoming,United States,62900,2010,Consumer Price Index Research Series Using Current Methods (CPI-U-RS),Wyoming,1350.0
G,2014,2014,,A,true,United States,country,1,United States,United States,58000,2014,Consumer Price Index Research Series Using Current Methods (CPI-U-RS),,60.0
G,2014,2014,,A,false,Alabama,State,2,United States:::Alabama,United States,46300,2014,Consumer Price Index Research Series Using Current Methods (CPI-U-RS),Alabama,390.0
G,2014,2014,,A,false,Alaska,State,3,United States:::Alaska,United States,77400,2014,Consumer Price Index Research Series Using Current Methods (CPI-U-RS),Alaska,1170.0
G,2014,2014,,A,false,Arizona,State,4,United States:::Arizona,United States,54100,2014,Consumer Price Index Research Series Using Current Methods (CPI-U-RS),Arizona,320.0
G,2014,2014,,A,false,Arkansas,State,5,United States:::Arkansas,United States,44600,2014,Consumer Price Index Research Series Using Current Methods (CPI-U-RS),Arkansas,430.0
G,2014,2014,,A,false,California,State,6,United States:::California,United States,66900,2014,Consumer Price Index Research Series Using Current Methods (CPI-U-RS),California,160.0
G,2014,2014,,A,false,Colorado,State,7,United States:::Colorado,United States,66300,2014,Consumer Price Index Research Series Using Current Methods (CPI-U-RS),Colorado,320.0
G,2014,2014,,A,false,Connecticut,State,8,United States:::Connecticut,United States,75700,2014,Consumer Price Index Research Series Using Current Methods (CPI-U-RS),Connecticut,540.0
G,2014,2014,,A,false,Delaware,State,9,United States:::Delaware,United States,64600,2014,Consumer Price Index Research Series Using Current Methods (CPI-U-RS),Delaware,1100.0
G,2014,2014,,A,false,District of Columbia,State,10,United States:::District of Columbia,United States,77400,2014,Consumer Price Index Research Series Using Current Methods (CPI-U-RS),District of Columbia,1310.0
G,2014,2014,,A,false,Florida,State,11,United States:::Florida,United States,51300,2014,Consumer Price Index Research Series Using Current Methods (CPI-U-RS),Florida,220.0
G,2014,2014,,A,false,Georgia,State,12,United States:::Georgia,United States,53300,2014,Consumer Price Index Research Series Using Current Methods (CPI-U-RS),Georgia,360.0
G,2014,2014,,A,false,Hawaii,State,13,United States:::Hawaii,United States,75200,2014,Consumer Price Index Research Series Using Current Methods (CPI-U-RS),Hawaii,960.0
G,2014,2014,,A,false,Idaho,State,14,United States:::Idaho,United States,51700,2014,Consumer Price Index Research Series Using Current Methods (CPI-U-RS),Idaho,840.0
G,2014,2014,,A,false,Illinois,State,15,United States:::Illinois,United States,62100,2014,Consumer Price Index Research Series Using Current Methods (CPI-U-RS),Illinois,280.0
G,2014,2014,,A,false,Indiana,State,16,United States:::Indiana,United States,53400,2014,Consumer Price Index Research Series Using Current Methods (CPI-U-RS),Indiana,320.0
G,2014,2014,,A,false,Iowa,State,17,United States:::Iowa,United States,58100,2014,Consumer Price Index Research Series Using Current Methods (CPI-U-RS),Iowa,500.0
G,2014,2014,,A,false,Kansas,State,18,United States:::Kansas,United States,56800,2014,Consumer Price Index Research Series Using Current Methods (CPI-U-RS),Kansas,460.0
G,2014,2014,,A,false,Kentucky,State,19,United States:::Kentucky,United States,46400,2014,Consumer Price Index Research Series Using Current Methods (CPI-U-RS),Kentucky,460.0
G,2014,2014,,A,false,Louisiana,State,20,United States:::Louisiana,United States,48200,2014,Consumer Price Index Research Series Using Current Methods (CPI-U-RS),Louisiana,480.0
G,2014,2014,,A,false,Maine,State,21,United States:::Maine,United States,53500,2014,Consumer Price Index Research Series Using Current Methods (CPI-U-RS),Maine,730.0
G,2014,2014,,A,false,Maryland,State,22,United States:::Maryland,United States,80000,2014,Consumer Price Index Research Series Using Current Methods (CPI-U-RS),Maryland,570.0
G,2014,2014,,A,false,Massachusetts,State,23,United States:::Massachusetts,United States,74800,2014,Consumer Price Index Research Series Using Current Methods (CPI-U-RS),Massachusetts,630.0
G,2014,2014,,A,false,Michigan,State,24,United States:::Michigan,United States,53900,2014,Consumer Price Index Research Series Using Current Methods (CPI-U-RS),Michigan,250.0
G,2014,2014,,A,false,Minnesota,State,25,United States:::Minnesota,United States,66500,2014,Consumer Price Index Research Series Using Current Methods (CPI-U-RS),Minnesota,310.0
G,2014,2014,,A,false,Mississippi,State,26,United States:::Mississippi,United States,42900,2014,Consumer Price Index Research Series Using Current Methods (CPI-U-RS),Mississippi,510.0
G,2014,2014,,A,false,Missouri,State,27,United States:::Missouri,United States,52300,2014,Consumer Price Index Research Series Using Current Methods (CPI-U-RS),Missouri,370.0
G,2014,2014,,A,false,Montana,State,28,United States:::Montana,United States,50100,2014,Consumer Price Index Research Series Using Current Methods (CPI-U-RS),Montana,800.0
G,2014,2014,,A,false,Nebraska,State,29,United States:::Nebraska,United States,57000,2014,Consumer Price Index Research Series Using Current Methods (CPI-U-RS),Nebraska,450.0
G,2014,2014,,A,false,Nevada,State,30,United States:::Nevada,United States,55600,2014,Consumer Price Index Research Series Using Current Methods (CPI-U-RS),Nevada,450.0
G,2014,2014,,A,false,New Hampshire,State,31,United States:::New Hampshire,United States,71900,2014,Consumer Price Index Research Series Using Current Methods (CPI-U-RS),New Hampshire,850.0
G,2014,2014,,A,false,New Jersey,State,32,United States:::New Jersey,United States,77700,2014,Consumer Price Index Research Series Using Current Methods (CPI-U-RS),New Jersey,290.0
G,2014,2014,,A,false,New Mexico,State,33,United States:::New Mexico,United States,48400,2014,Consumer Price Index Research Series Using Current Methods (CPI-U-RS),New Mexico,560.0
G,2014,2014,,A,false,New York,State,34,United States:::New York,United States,63600,2014,Consumer Price Index Research Series Using Current Methods (CPI-U-RS),New York,260.0
G,2014,2014,,A,false,North Carolina,State,35,United States:::North Carolina,United States,50300,2014,Consumer Price Index Research Series Using Current Methods (CPI-U-RS),North Carolina,250.0
G,2014,2014,,A,false,North Dakota,State,36,United States:::North Dakota,United States,63800,2014,Consumer Price Index Research Series Using Current Methods (CPI-U-RS),North Dakota,1100.0
G,2014,2014,,A,false,Ohio,State,37,United States:::Ohio,United States,53300,2014,Consumer Price Index Research Series Using Current Methods (CPI-U-RS),Ohio,240.0
G,2014,2014,,A,false,Oklahoma,State,38,United States:::Oklahoma,United States,51400,2014,Consumer Price Index Research Series Using Current Methods (CPI-U-RS),Oklahoma,300.0
G,2014,2014,,A,false,Oregon,State,39,United States:::Oregon,United States,55200,2014,Consumer Price Index Research Series Using Current Methods (CPI-U-RS),Oregon,320.0
G,2014,2014,,A,false,Pennsylvania,State,40,United States:::Pennsylvania,United States,57500,2014,Consumer Price Index Research Series Using Current Methods (CPI-U-RS),Pennsylvania,280.0
G,2014,2014,,A,false,Rhode Island,State,41,United States:::Rhode Island,United States,59300,2014,Consumer Price Index Research Series Using Current Methods (CPI-U-RS),Rhode Island,980.0
G,2014,2014,,A,false,South Carolina,State,42,United States:::South Carolina,United States,48900,2014,Consumer Price Index Research Series Using Current Methods (CPI-U-RS),South Carolina,330.0
G,2014,2014,,A,false,South Dakota,State,43,United States:::South Dakota,United States,55100,2014,Consumer Price Index Research Series Using Current Methods (CPI-U-RS),South Dakota,670.0
G,2014,2014,,A,false,Tennessee,State,44,United States:::Tennessee,United States,48000,2014,Consumer Price Index Research Series Using Current Methods (CPI-U-RS),Tennessee,370.0
G,2014,2014,,A,false,Texas,State,45,United States:::Texas,United States,57300,2014,Consumer Price Index Research Series Using Current Methods (CPI-U-RS),Texas,250.0
G,2014,2014,,A,false,Utah,State,46,United States:::Utah,United States,65900,2014,Consumer Price Index Research Series Using Current Methods (CPI-U-RS),Utah,430.0
G,2014,2014,,A,false,Vermont,State,47,United States:::Vermont,United States,58600,2014,Consumer Price Index Research Series Using Current Methods (CPI-U-RS),Vermont,1130.0
G,2014,2014,,A,false,Virginia,State,48,United States:::Virginia,United States,70200,2014,Consumer Price Index Research Series Using Current Methods (CPI-U-RS),Virginia,410.0
G,2014,2014,,A,false,Washington,State,49,United States:::Washington,United States,66300,2014,Consumer Price Index Research Series Using Current Methods (CPI-U-RS),Washington,320.0
G,2014,2014,,A,false,West Virginia,State,50,United States:::West Virginia,United States,44400,2014,Consumer Price Index Research Series Using Current Methods (CPI-U-RS),West Virginia,430.0
G,2014,2014,,A,false,Wisconsin,State,51,United States:::Wisconsin,United States,56900,2014,Consumer Price Index Research Series Using Current Methods (CPI-U-RS),Wisconsin,280.0
G,2014,2014,,A,false,Wyoming,State,52,United States:::Wyoming,United States,61700,2014,Consumer Price Index Research Series Using Current Methods (CPI-U-RS),Wyoming,1300.0
I,2015,2015,,A,true,United States,country,1,United States,United States,60200,2015,Consumer Price Index Research Series Using Current Methods (CPI-U-RS),,60.0
I,2015,2015,,A,false,Alabama,State,2,United States:::Alabama,United States,48300,2015,Consumer Price Index Research Series Using Current Methods (CPI-U-RS),Alabama,490.0
I,2015,2015,,A,false,Alaska,State,3,United States:::Alaska,United States,79200,2015,Consumer Price Index Research Series Using Current Methods (CPI-U-RS),Alaska,1520.0
I,2015,2015,,A,false,Arizona,State,4,United States:::Arizona,United States,55600,2015,Consumer Price Index Research Series Using Current Methods (CPI-U-RS),Arizona,280.0
I,2015,2015,,A,false,Arkansas,State,5,United States:::Arkansas,United States,45300,2015,Consumer Price Index Research Series Using Current Methods (CPI-U-RS),Arkansas,310.0
I,2015,2015,,A,false,California,State,6,United States:::California,United States,69600,2015,Consumer Price Index Research Series Using Current Methods (CPI-U-RS),California,260.0
I,2015,2015,,A,false,Colorado,State,7,United States:::Colorado,United States,69000,2015,Consumer Price Index Research Series Using Current Methods (CPI-U-RS),Colorado,580.0
I,2015,2015,,A,false,Connecticut,State,8,United States:::Connecticut,United States,77000,2015,Consumer Price Index Research Series Using Current Methods (CPI-U-RS),Connecticut,510.0
I,2015,2015,,A,false,Delaware,State,9,United States:::Delaware,United States,66100,2015,Consumer Price Index Research Series Using Current Methods (CPI-U-RS),Delaware,840.0
I,2015,2015,,A,false,District of Columbia,State,10,United States:::District of Columbia,United States,81600,2015,Consumer Price Index Research Series Using Current Methods (CPI-U-RS),District of Columbia,1640.0
I,2015,2015,,A,false,Florida,State,11,United States:::Florida,United States,53300,2015,Consumer Price Index Research Series Using Current Methods (CPI-U-RS),Florida,220.0
I,2015,2015,,A,false,Georgia,State,12,United States:::Georgia,United States,55300,2015,Consumer Price Index Research Series Using Current Methods (CPI-U-RS),Georgia,240.0
I,2015,2015,,A,false,Hawaii,State,13,United States:::Hawaii,United States,79300,2015,Consumer Price Index Research Series Using Current Methods (CPI-U-RS),Hawaii,1320.0
I,2015,2015,,A,false,Idaho,State,14,United States:::Idaho,United States,52100,2015,Consumer Price Index Research Series Using Current Methods (CPI-U-RS),Idaho,720.0
I,2015,2015,,A,false,Illinois,State,15,United States:::Illinois,United States,64300,2015,Consumer Price Index Research Series Using Current Methods (CPI-U-RS),Illinois,340.0
I,2015,2015,,A,false,Indiana,State,16,United States:::Indiana,United States,54500,2015,Consumer Price Index Research Series Using Current Methods (CPI-U-RS),Indiana,250.0
I,2015,2015,,A,false,Iowa,State,17,United States:::Iowa,United States,59100,2015,Consumer Price Index Research Series Using Current Methods (CPI-U-RS),Iowa,520.0
I,2015,2015,,A,false,Kansas,State,18,United States:::Kansas,United States,58200,2015,Consumer Price Index Research Series Using Current Methods (CPI-U-RS),Kansas,570.0
I,2015,2015,,A,false,Kentucky,State,19,United States:::Kentucky,United States,48800,2015,Consumer Price Index Research Series Using Current Methods (CPI-U-RS),Kentucky,310.0
I,2015,2015,,A,false,Louisiana,State,20,United States:::Louisiana,United States,49300,2015,Consumer Price Index Research Series Using Current Methods (CPI-U-RS),Louisiana,440.0
I,2015,2015,,A,false,Maine,State,21,United States:::Maine,United States,55600,2015,Consumer Price Index Research Series Using Current Methods (CPI-U-RS),Maine,560.0
I,2015,2015,,A,false,Maryland,State,22,United States:::Maryland,United States,81800,2015,Consumer Price Index Research Series Using Current Methods (CPI-U-RS),Maryland,390.0
I,2015,2015,,A,false,Massachusetts,State,23,United States:::Massachusetts,United States,76200,2015,Consumer Price Index Research Series Using Current Methods (CPI-U-RS),Massachusetts,410.0
I,2015,2015,,A,false,Michigan,State,24,United States:::Michigan,United States,55100,2015,Consumer Price Index Research Series Using Current Methods (CPI-U-RS),Michigan,160.0
I,2015,2015,,A,false,Minnesota,State,25,United States:::Minnesota,United States,68500,2015,Consumer Price Index Research Series Using Current Methods (CPI-U-RS),Minnesota,440.0
I,2015,2015,,A,false,Mississippi,State,26,United States:::Mississippi,United States,43800,2015,Consumer Price Index Research Series Using Current Methods (CPI-U-RS),Mississippi,360.0
I,2015,2015,,A,false,Missouri,State,27,United States:::Missouri,United States,54200,2015,Consumer Price Index Research Series Using Current Methods (CPI-U-RS),Missouri,270.0
I,2015,2015,,A,false,Montana,State,28,United States:::Montana,United States,53400,2015,Consumer Price Index Research Series Using Current Methods (CPI-U-RS),Montana,920.0
I,2015,2015,,A,false,Nebraska,State,29,United States:::Nebraska,United States,59300,2015,Consumer Price Index Research Series Using Current Methods (CPI-U-RS),Nebraska,540.0
I,2015,2015,,A,false,Nevada,State,30,United States:::Nevada,United States,56600,2015,Consumer Price Index Research Series Using Current Methods (CPI-U-RS),Nevada,640.0
I,2015,2015,,A,false,New Hampshire,State,31,United States:::New Hampshire,United States,75900,2015,Consumer Price Index Research Series Using Current Methods (CPI-U-RS),New Hampshire,820.0
I,2015,2015,,A,false,New Jersey,State,32,United States:::New Jersey,United States,77900,2015,Consumer Price Index Research Series Using Current Methods (CPI-U-RS),New Jersey,400.0
I,2015,2015,,A,false,New Mexico,State,33,United States:::New Mexico,United States,49000,2015,Consumer Price Index Research Series Using Current Methods (CPI-U-RS),New Mexico,570.0
I,2015,2015,,A,false,New York,State,34,United States:::New York,United States,65700,2015,Consumer Price Index Research Series Using Current Methods (CPI-U-RS),New York,200.0
I,2015,2015,,A,false,North Carolina,State,35,United States:::North Carolina,United States,51600,2015,Consumer Price Index Research Series Using Current Methods (CPI-U-RS),North Carolina,340.0
I,2015,2015,,A,false,North Dakota,State,36,United States:::North Dakota,United States,65300,2015,Consumer Price Index Research Series Using Current Methods (CPI-U-RS),North Dakota,1090.0
I,2015,2015,,A,false,Ohio,State,37,United States:::Ohio,United States,55100,2015,Consumer Price Index Research Series Using Current Methods (CPI-U-RS),Ohio,150.0
I,2015,2015,,A,false,Oklahoma,State,38,United States:::Oklahoma,United States,52400,2015,Consumer Price Index Research Series Using Current Methods (CPI-U-RS),Oklahoma,340.0
I,2015,2015,,A,false,Oregon,State,39,United States:::Oregon,United States,58400,2015,Consumer Price Index Research Series Using Current Methods (CPI-U-RS),Oregon,600.0
I,2015,2015,,A,false,Pennsylvania,State,40,United States:::Pennsylvania,United States,60100,2015,Consumer Price Index Research Series Using Current Methods (CPI-U-RS),Pennsylvania,250.0
I,2015,2015,,A,false,Rhode Island,State,41,United States:::Rhode Island,United States,62700,2015,Consumer Price Index Research Series Using Current Methods (CPI-U-RS),Rhode Island,1590.0
I,2015,2015,,A,false,South Carolina,State,42,United States:::South Carolina,United States,51000,2015,Consumer Price Index Research Series Using Current Methods (CPI-U-RS),South Carolina,360.0
I,2015,2015,,A,false,South Dakota,State,43,United States:::South Dakota,United States,57200,2015,Consumer Price Index Research Series Using Current Methods (CPI-U-RS),South Dakota,720.0
I,2015,2015,,A,false,Tennessee,State,44,United States:::Tennessee,United States,51000,2015,Consumer Price Index Research Series Using Current Methods (CPI-U-RS),Tennessee,320.0
I,2015,2015,,A,false,Texas,State,45,United States:::Texas,United States,60100,2015,Consumer Price Index Research Series Using Current Methods (CPI-U-RS),Texas,210.0
I,2015,2015,,A,false,Utah,State,46,United States:::Utah,United States,67900,2015,Consumer Price Index Research Series Using Current Methods (CPI-U-RS),Utah,800.0
I,2015,2015,,A,false,Vermont,State,47,United States:::Vermont,United States,61500,2015,Consumer Price Index Research Series Using Current Methods (CPI-U-RS),Vermont,870.0
I,2015,2015,,A,false,Virginia,State,48,United States:::Virginia,United States,71500,2015,Consumer Price Index Research Series Using Current Methods (CPI-U-RS),Virginia,350.0
I,2015,2015,,A,false,Washington,State,49,United States:::Washington,United States,69200,2015,Consumer Price Index Research Series Using Current Methods (CPI-U-RS),Washington,520.0
I,2015,2015,,A,false,West Virginia,State,50,United States:::West Virginia,United States,45300,2015,Consumer Price Index Research Series Using Current Methods (CPI-U-RS),West Virginia,520.0
I,2015,2015,,A,false,Wisconsin,State,51,United States:::Wisconsin,United States,60000,2015,Consumer Price Index Research Series Using Current Methods (CPI-U-RS),Wisconsin,280.0
I,2015,2015,,A,false,Wyoming,State,52,United States:::Wyoming,United States,65000,2015,Consumer Price Index Research Series Using Current Methods (CPI-U-RS),Wyoming,1040.0
K,2016,2016,,A,true,United States,country,1,United States,United States,61400,2016,Consumer Price Index Research Series Using Current Methods (CPI-U-RS),,70.0
K,2016,2016,,A,false,Alabama,State,2,United States:::Alabama,United States,49300,2016,Consumer Price Index Research Series Using Current Methods (CPI-U-RS),Alabama,440.0
K,2016,2016,,A,false,Alaska,State,3,United States:::Alaska,United States,81400,2016,Consumer Price Index Research Series Using Current Methods (CPI-U-RS),Alaska,1440.0
K,2016,2016,,A,false,Arizona,State,4,United States:::Arizona,United States,57100,2016,Consumer Price Index Research Series Using Current Methods (CPI-U-RS),Arizona,410.0
K,2016,2016,,A,false,Arkansas,State,5,United States:::Arkansas,United States,47200,2016,Consumer Price Index Research Series Using Current Methods (CPI-U-RS),Arkansas,600.0
K,2016,2016,,A,false,California,State,6,United States:::California,United States,72200,2016,Consumer Price Index Research Series Using Current Methods (CPI-U-RS),California,230.0
K,2016,2016,,A,false,Colorado,State,7,United States:::Colorado,United States,70000,2016,Consumer Price Index Research Series Using Current Methods (CPI-U-RS),Colorado,410.0
K,2016,2016,,A,false,Connecticut,State,8,United States:::Connecticut,United States,78200,2016,Consumer Price Index Research Series Using Current Methods (CPI-U-RS),Connecticut,690.0
K,2016,2016,,A,false,Delaware,State,9,United States:::Delaware,United States,65800,2016,Consumer Price Index Research Series Using Current Methods (CPI-U-RS),Delaware,970.0
K,2016,2016,,A,false,District of Columbia,State,10,United States:::District of Columbia,United States,80400,2016,Consumer Price Index Research Series Using Current Methods (CPI-U-RS),District of Columbia,2210.0
K,2016,2016,,A,false,Florida,State,11,United States:::Florida,United States,54200,2016,Consumer Price Index Research Series Using Current Methods (CPI-U-RS),Florida,160.0
K,2016,2016,,A,false,Georgia,State,12,United States:::Georgia,United States,57100,2016,Consumer Price Index Research Series Using Current Methods (CPI-U-RS),Georgia,460.0
K,2016,2016,,A,false,Hawaii,State,13,United States:::Hawaii,United States,79400,2016,Consumer Price Index Research Series Using Current Methods (CPI-U-RS),Hawaii,1150.0
K,2016,2016,,A,false,Idaho,State,14,United States:::Idaho,United States,55200,2016,Consumer Price Index Research Series Using Current Methods (CPI-U-RS),Idaho,620.0
K,2016,2016,,A,false,Illinois,State,15,United States:::Illinois,United States,64900,2016,Consumer Price Index Research Series Using Current Methods (CPI-U-RS),Illinois,250.0
K,2016,2016,,A,false,Indiana,State,16,United States:::Indiana,United States,55700,2016,Consumer Price Index Research Series Using Current Methods (CPI-U-RS),Indiana,240.0
K,2016,2016,,A,false,Iowa,State,17,United States:::Iowa,United States,59900,2016,Consumer Price Index Research Series Using Current Methods (CPI-U-RS),Iowa,450.0
K,2016,2016,,A,false,Kansas,State,18,United States:::Kansas,United States,58500,2016,Consumer Price Index Research Series Using Current Methods (CPI-U-RS),Kansas,580.0
K,2016,2016,,A,false,Kentucky,State,19,United States:::Kentucky,United States,49700,2016,Consumer Price Index Research Series Using Current Methods (CPI-U-RS),Kentucky,390.0
K,2016,2016,,A,false,Louisiana,State,20,United States:::Louisiana,United States,48100,2016,Consumer Price Index Research Series Using Current Methods (CPI-U-RS),Louisiana,500.0
K,2016,2016,,A,false,Maine,State,21,United States:::Maine,United States,56500,2016,Consumer Price Index Research Series Using Current Methods (CPI-U-RS),Maine,890.0
K,2016,2016,,A,false,Maryland,State,22,United States:::Maryland,United States,84100,2016,Consumer Price Index Research Series Using Current Methods (CPI-U-RS),Maryland,480.0
K,2016,2016,,A,false,Massachusetts,State,23,United States:::Massachusetts,United States,80200,2016,Consumer Price Index Research Series Using Current Methods (CPI-U-RS),Massachusetts,500.0
K,2016,2016,,A,false,Michigan,State,24,United States:::Michigan,United States,55900,2016,Consumer Price Index Research Series Using Current Methods (CPI-U-RS),Michigan,260.0
K,2016,2016,,A,false,Minnesota,State,25,United States:::Minnesota,United States,69900,2016,Consumer Price Index Research Series Using Current Methods (CPI-U-RS),Minnesota,390.0
K,2016,2016,,A,false,Mississippi,State,26,United States:::Mississippi,United States,44500,2016,Consumer Price Index Research Series Using Current Methods (CPI-U-RS),Mississippi,360.0
K,2016,2016,,A,false,Missouri,State,27,United States:::Missouri,United States,55100,2016,Consumer Price Index Research Series Using Current Methods (CPI-U-RS),Missouri,240.0
K,2016,2016,,A,false,Montana,State,28,United States:::Montana,United States,53300,2016,Consumer Price Index Research Series Using Current Methods (CPI-U-RS),Montana,710.0
K,2016,2016,,A,false,Nebraska,State,29,United States:::Nebraska,United States,60600,2016,Consumer Price Index Research Series Using Current Methods (CPI-U-RS),Nebraska,500.0
K,2016,2016,,A,false,Nevada,State,30,United States:::Nevada,United States,58800,2016,Consumer Price Index Research Series Using Current Methods (CPI-U-RS),Nevada,580.0
K,2016,2016,,A,false,New Hampshire,State,31,United States:::New Hampshire,United States,75600,2016,Consumer Price Index Research Series Using Current Methods (CPI-U-RS),New Hampshire,920.0
K,2016,2016,,A,false,New Jersey,State,32,United States:::New Jersey,United States,81100,2016,Consumer Price Index Research Series Using Current Methods (CPI-U-RS),New Jersey,450.0
K,2016,2016,,A,false,New Mexico,State,33,United States:::New Mexico,United States,49800,2016,Consumer Price Index Research Series Using Current Methods (CPI-U-RS),New Mexico,530.0
K,2016,2016,,A,false,New York,State,34,United States:::New York,United States,67000,2016,Consumer Price Index Research Series Using Current Methods (CPI-U-RS),New York,410.0
K,2016,2016,,A,false,North Carolina,State,35,United States:::North Carolina,United States,53900,2016,Consumer Price Index Research Series Using Current Methods (CPI-U-RS),North Carolina,190.0
K,2016,2016,,A,false,North Dakota,State,36,United States:::North Dakota,United States,64600,2016,Consumer Price Index Research Series Using Current Methods (CPI-U-RS),North Dakota,990.0
K,2016,2016,,A,false,Ohio,State,37,United States:::Ohio,United States,55800,2016,Consumer Price Index Research Series Using Current Methods (CPI-U-RS),Ohio,180.0
K,2016,2016,,A,false,Oklahoma,State,38,United States:::Oklahoma,United States,52400,2016,Consumer Price Index Research Series Using Current Methods (CPI-U-RS),Oklahoma,400.0
K,2016,2016,,A,false,Oregon,State,39,United States:::Oregon,United States,61300,2016,Consumer Price Index Research Series Using Current Methods (CPI-U-RS),Oregon,550.0
K,2016,2016,,A,false,Pennsylvania,State,40,United States:::Pennsylvania,United States,60600,2016,Consumer Price Index Research Series Using Current Methods (CPI-U-RS),Pennsylvania,230.0
K,2016,2016,,A,false,Rhode Island,State,41,United States:::Rhode Island,United States,64600,2016,Consumer Price Index Research Series Using Current Methods (CPI-U-RS),Rhode Island,1030.0
K,2016,2016,,A,false,South Carolina,State,42,United States:::South Carolina,United States,52700,2016,Consumer Price Index Research Series Using Current Methods (CPI-U-RS),South Carolina,390.0
K,2016,2016,,A,false,South Dakota,State,43,United States:::South Dakota,United States,58000,2016,Consumer Price Index Research Series Using Current Methods (CPI-U-RS),South Dakota,830.0
K,2016,2016,,A,false,Tennessee,State,44,United States:::Tennessee,United States,51700,2016,Consumer Price Index Research Series Using Current Methods (CPI-U-RS),Tennessee,440.0
K,2016,2016,,A,false,Texas,State,45,United States:::Texas,United States,60300,2016,Consumer Price Index Research Series Using Current Methods (CPI-U-RS),Texas,190.0
K,2016,2016,,A,false,Utah,State,46,United States:::Utah,United States,70300,2016,Consumer Price Index Research Series Using Current Methods (CPI-U-RS),Utah,620.0
K,2016,2016,,A,false,Vermont,State,47,United States:::Vermont,United States,61400,2016,Consumer Price Index Research Series Using Current Methods (CPI-U-RS),Vermont,1080.0
K,2016,2016,,A,false,Virginia,State,48,United States:::Virginia,United States,72600,2016,Consumer Price Index Research Series Using Current Methods (CPI-U-RS),Virginia,480.0
K,2016,2016,,A,false,Washington,State,49,United States:::Washington,United States,71500,2016,Consumer Price Index Research Series Using Current Methods (CPI-U-RS),Washington,390.0
K,2016,2016,,A,false,West Virginia,State,50,United States:::West Virginia,United States,46200,2016,Consumer Price Index Research Series Using Current Methods (CPI-U-RS),West Virginia,720.0
K,2016,2016,,A,false,Wisconsin,State,51,United States:::Wisconsin,United States,60500,2016,Consumer Price Index Research Series Using Current Methods (CPI-U-RS),Wisconsin,360.0
K,2016,2016,,A,false,Wyoming,State,52,United States:::Wyoming,United States,63800,2016,Consumer Price Index Research Series Using Current Methods (CPI-U-RS),Wyoming,1430.0
M,2017,2017,,A,true,United States,country,1,United States,United States,62900,2017,Consumer Price Index Research Series Using Current Methods (CPI-U-RS),,50.0
M,2017,2017,,A,false,Alabama,State,2,United States:::Alabama,United States,50200,2017,Consumer Price Index Research Series Using Current Methods (CPI-U-RS),Alabama,490.0
M,2017,2017,,A,false,Alaska,State,3,United States:::Alaska,United States,76300,2017,Consumer Price Index Research Series Using Current Methods (CPI-U-RS),Alaska,1670.0
M,2017,2017,,A,false,Arizona,State,4,United States:::Arizona,United States,59000,2017,Consumer Price Index Research Series Using Current Methods (CPI-U-RS),Arizona,330.0
M,2017,2017,,A,false,Arkansas,State,5,United States:::Arkansas,United States,47800,2017,Consumer Price Index Research Series Using Current Methods (CPI-U-RS),Arkansas,480.0
M,2017,2017,,A,false,California,State,6,United States:::California,United States,74900,2017,Consumer Price Index Research Series Using Current Methods (CPI-U-RS),California,190.0
M,2017,2017,,A,false,Colorado,State,7,United States:::Colorado,United States,72100,2017,Consumer Price Index Research Series Using Current Methods (CPI-U-RS),Colorado,490.0
M,2017,2017,,A,false,Connecticut,State,8,United States:::Connecticut,United States,77400,2017,Consumer Price Index Research Series Using Current Methods (CPI-U-RS),Connecticut,850.0
M,2017,2017,,A,false,Delaware,State,9,United States:::Delaware,United States,65600,2017,Consumer Price Index Research Series Using Current Methods (CPI-U-RS),Delaware,1560.0
M,2017,2017,,A,false,District of Columbia,State,10,United States:::District of Columbia,United States,85900,2017,Consumer Price Index Research Series Using Current Methods (CPI-U-RS),District of Columbia,1680.0
M,2017,2017,,A,false,Florida,State,11,United States:::Florida,United States,54900,2017,Consumer Price Index Research Series Using Current Methods (CPI-U-RS),Florida,230.0
M,2017,2017,,A,false,Georgia,State,12,United States:::Georgia,United States,58600,2017,Consumer Price Index Research Series Using Current Methods (CPI-U-RS),Georgia,360.0
M,2017,2017,,A,false,Hawaii,State,13,United States:::Hawaii,United States,81100,2017,Consumer Price Index Research Series Using Current Methods (CPI-U-RS),Hawaii,1140.0
M,2017,2017,,A,false,Idaho,State,14,United States:::Idaho,United States,54500,2017,Consumer Price Index Research Series Using Current Methods (CPI-U-RS),Idaho,550.0
M,2017,2017,,A,false,Illinois,State,15,United States:::Illinois,United States,65700,2017,Consumer Price Index Research Series Using Current Methods (CPI-U-RS),Illinois,340.0
M,2017,2017,,A,false,Indiana,State,16,United States:::Indiana,United States,56500,2017,Consumer Price Index Research Series Using Current Methods (CPI-U-RS),Indiana,420.0
M,2017,2017,,A,false,Iowa,State,17,United States:::Iowa,United States,61100,2017,Consumer Price Index Research Series Using Current Methods (CPI-U-RS),Iowa,540.0
M,2017,2017,,A,false,Kansas,State,18,United States:::Kansas,United States,58800,2017,Consumer Price Index Research Series Using Current Methods (CPI-U-RS),Kansas,450.0
M,2017,2017,,A,false,Kentucky,State,19,United States:::Kentucky,United States,50500,2017,Consumer Price Index Research Series Using Current Methods (CPI-U-RS),Kentucky,400.0
M,2017,2017,,A,false,Louisiana,State,20,United States:::Louisiana,United States,48100,2017,Consumer Price Index Research Series Using Current Methods (CPI-U-RS),Louisiana,400.0
M,2017,2017,,A,false,Maine,State,21,United States:::Maine,United States,58700,2017,Consumer Price Index Research Series Using Current Methods (CPI-U-RS),Maine,740.0
M,2017,2017,,A,false,Maryland,State,22,United States:::Maryland,United States,84200,2017,Consumer Price Index Research Series Using Current Methods (CPI-U-RS),Maryland,450.0
M,2017,2017,,A,false,Massachusetts,State,23,United States:::Massachusetts,United States,80700,2017,Consumer Price Index Research Series Using Current Methods (CPI-U-RS),Massachusetts,580.0
M,2017,2017,,A,false,Michigan,State,24,United States:::Michigan,United States,57300,2017,Consumer Price Index Research Series Using Current Methods (CPI-U-RS),Michigan,280.0
M,2017,2017,,A,false,Minnesota,State,25,United States:::Minnesota,United States,71300,2017,Consumer Price Index Research Series Using Current Methods (CPI-U-RS),Minnesota,420.0
M,2017,2017,,A,false,Mississippi,State,26,United States:::Mississippi,United States,45400,2017,Consumer Price Index Research Series Using Current Methods (CPI-U-RS),Mississippi,540.0
M,2017,2017,,A,false,Missouri,State,27,United States:::Missouri,United States,56000,2017,Consumer Price Index Research Series Using Current Methods (CPI-U-RS),Missouri,400.0
M,2017,2017,,A,false,Montana,State,28,United States:::Montana,United States,55700,2017,Consumer Price Index Research Series Using Current Methods (CPI-U-RS),Montana,900.0
M,2017,2017,,A,false,Nebraska,State,29,United States:::Nebraska,United States,62500,2017,Consumer Price Index Research Series Using Current Methods (CPI-U-RS),Nebraska,640.0
M,2017,2017,,A,false,Nevada,State,30,United States:::Nevada,United States,60500,2017,Consumer Price Index Research Series Using Current Methods (CPI-U-RS),Nevada,600.0
M,2017,2017,,A,false,New Hampshire,State,31,United States:::New Hampshire,United States,76500,2017,Consumer Price Index Research Series Using Current Methods (CPI-U-RS),New Hampshire,1070.0
M,2017,2017,,A,false,New Jersey,State,32,United States:::New Jersey,United States,83500,2017,Consumer Price Index Research Series Using Current Methods (CPI-U-RS),New Jersey,430.0
M,2017,2017,,A,false,New Mexico,State,33,United States:::New Mexico,United States,48800,2017,Consumer Price Index Research Series Using Current Methods (CPI-U-RS),New Mexico,760.0
M,2017,2017,,A,false,New York,State,34,United States:::New York,United States,67700,2017,Consumer Price Index Research Series Using Current Methods (CPI-U-RS),New York,320.0
M,2017,2017,,A,false,North Carolina,State,35,United States:::North Carolina,United States,55000,2017,Consumer Price Index Research Series Using Current Methods (CPI-U-RS),North Carolina,320.0
M,2017,2017,,A,false,North Dakota,State,36,United States:::North Dakota,United States,64500,2017,Consumer Price Index Research Series Using Current Methods (CPI-U-RS),North Dakota,670.0
M,2017,2017,,A,false,Ohio,State,37,United States:::Ohio,United States,56300,2017,Consumer Price Index Research Series Using Current Methods (CPI-U-RS),Ohio,260.0
M,2017,2017,,A,false,Oklahoma,State,38,United States:::Oklahoma,United States,52200,2017,Consumer Price Index Research Series Using Current Methods (CPI-U-RS),Oklahoma,360.0
M,2017,2017,,A,false,Oregon,State,39,United States:::Oregon,United States,62800,2017,Consumer Price Index Research Series Using Current Methods (CPI-U-RS),Oregon,500.0
M,2017,2017,,A,false,Pennsylvania,State,40,United States:::Pennsylvania,United States,61700,2017,Consumer Price Index Research Series Using Current Methods (CPI-U-RS),Pennsylvania,280.0
M,2017,2017,,A,false,Rhode Island,State,41,United States:::Rhode Island,United States,66600,2017,Consumer Price Index Research Series Using Current Methods (CPI-U-RS),Rhode Island,1180.0
M,2017,2017,,A,false,South Carolina,State,42,United States:::South Carolina,United States,52700,2017,Consumer Price Index Research Series Using Current Methods (CPI-U-RS),South Carolina,340.0
M,2017,2017,,A,false,South Dakota,State,43,United States:::South Dakota,United States,58900,2017,Consumer Price Index Research Series Using Current Methods (CPI-U-RS),South Dakota,830.0
M,2017,2017,,A,false,Tennessee,State,44,United States:::Tennessee,United States,53500,2017,Consumer Price Index Research Series Using Current Methods (CPI-U-RS),Tennessee,260.0
M,2017,2017,,A,false,Texas,State,45,United States:::Texas,United States,61700,2017,Consumer Price Index Research Series Using Current Methods (CPI-U-RS),Texas,310.0
M,2017,2017,,A,false,Utah,State,46,United States:::Utah,United States,71300,2017,Consumer Price Index Research Series Using Current Methods (CPI-U-RS),Utah,780.0
M,2017,2017,,A,false,Vermont,State,47,United States:::Vermont,United States,60000,2017,Consumer Price Index Research Series Using Current Methods (CPI-U-RS),Vermont,1320.0
M,2017,2017,,A,false,Virginia,State,48,United States:::Virginia,United States,74600,2017,Consumer Price Index Research Series Using Current Methods (CPI-U-RS),Virginia,340.0
M,2017,2017,,A,false,Washington,State,49,United States:::Washington,United States,74000,2017,Consumer Price Index Research Series Using Current Methods (CPI-U-RS),Washington,370.0
M,2017,2017,,A,false,West Virginia,State,50,United States:::West Virginia,United States,45300,2017,Consumer Price Index Research Series Using Current Methods (CPI-U-RS),West Virginia,880.0
M,2017,2017,,A,false,Wisconsin,State,51,United States:::Wisconsin,United States,61900,2017,Consumer Price Index Research Series Using Current Methods (CPI-U-RS),Wisconsin,370.0
M,2017,2017,,A,false,Wyoming,State,52,United States:::Wyoming,United States,63000,2017,Consumer Price Index Research Series Using Current Methods (CPI-U-RS),Wyoming,1120.0
O,2018,2018,,A,true,United States,country,1,United States,United States,63100,2018,Consumer Price Index Research Series Using Current Methods (CPI-U-RS),,60.0
O,2018,2018,,A,false,Alabama,State,2,United States:::Alabama,United States,50800,2018,Consumer Price Index Research Series Using Current Methods (CPI-U-RS),Alabama,480.0
O,2018,2018,,A,false,Alaska,State,3,United States:::Alaska,United States,75700,2018,Consumer Price Index Research Series Using Current Methods (CPI-U-RS),Alaska,1420.0
O,2018,2018,,A,false,Arizona,State,4,United States:::Arizona,United States,60300,2018,Consumer Price Index Research Series Using Current Methods (CPI-U-RS),Arizona,450.0
O,2018,2018,,A,false,Arkansas,State,5,United States:::Arkansas,United States,47900,2018,Consumer Price Index Research Series Using Current Methods (CPI-U-RS),Arkansas,440.0
O,2018,2018,,A,false,California,State,6,United States:::California,United States,76600,2018,Consumer Price Index Research Series Using Current Methods (CPI-U-RS),California,200.0
O,2018,2018,,A,false,Colorado,State,7,United States:::Colorado,United States,73300,2018,Consumer Price Index Research Series Using Current Methods (CPI-U-RS),Colorado,410.0
O,2018,2018,,A,false,Connecticut,State,8,United States:::Connecticut,United States,77700,2018,Consumer Price Index Research Series Using Current Methods (CPI-U-RS),Connecticut,570.0
O,2018,2018,,A,false,Delaware,State,9,United States:::Delaware,United States,66000,2018,Consumer Price Index Research Series Using Current Methods (CPI-U-RS),Delaware,970.0
O,2018,2018,,A,false,District of Columbia,State,10,United States:::District of Columbia,United States,86700,2018,Consumer Price Index Research Series Using Current Methods (CPI-U-RS),District of Columbia,2110.0
O,2018,2018,,A,false,Florida,State,11,United States:::Florida,United States,56500,2018,Consumer Price Index Research Series Using Current Methods (CPI-U-RS),Florida,240.0
O,2018,2018,,A,false,Georgia,State,12,United States:::Georgia,United States,59800,2018,Consumer Price Index Research Series Using Current Methods (CPI-U-RS),Georgia,440.0
O,2018,2018,,A,false,Hawaii,State,13,United States:::Hawaii,United States,81700,2018,Consumer Price Index Research Series Using Current Methods (CPI-U-RS),Hawaii,1250.0
O,2018,2018,,A,false,Idaho,State,14,United States:::Idaho,United States,56600,2018,Consumer Price Index Research Series Using Current Methods (CPI-U-RS),Idaho,570.0
O,2018,2018,,A,false,Illinois,State,15,United States:::Illinois,United States,66200,2018,Consumer Price Index Research Series Using Current Methods (CPI-U-RS),Illinois,310.0
O,2018,2018,,A,false,Indiana,State,16,United States:::Indiana,United States,56800,2018,Consumer Price Index Research Series Using Current Methods (CPI-U-RS),Indiana,320.0
O,2018,2018,,A,false,Iowa,State,17,United States:::Iowa,United States,61000,2018,Consumer Price Index Research Series Using Current Methods (CPI-U-RS),Iowa,540.0
O,2018,2018,,A,false,Kansas,State,18,United States:::Kansas,United States,59300,2018,Consumer Price Index Research Series Using Current Methods (CPI-U-RS),Kansas,480.0
O,2018,2018,,A,false,Kentucky,State,19,United States:::Kentucky,United States,51200,2018,Consumer Price Index Research Series Using Current Methods (CPI-U-RS),Kentucky,350.0
O,2018,2018,,A,false,Louisiana,State,20,United States:::Louisiana,United States,48800,2018,Consumer Price Index Research Series Using Current Methods (CPI-U-RS),Louisiana,460.0
O,2018,2018,,A,false,Maine,State,21,United States:::Maine,United States,56600,2018,Consumer Price Index Research Series Using Current Methods (CPI-U-RS),Maine,820.0
O,2018,2018,,A,false,Maryland,State,22,United States:::Maryland,United States,84800,2018,Consumer Price Index Research Series Using Current Methods (CPI-U-RS),Maryland,630.0
O,2018,2018,,A,false,Massachusetts,State,23,United States:::Massachusetts,United States,81300,2018,Consumer Price Index Research Series Using Current Methods (CPI-U-RS),Massachusetts,600.0
O,2018,2018,,A,false,Michigan,State,24,United States:::Michigan,United States,57700,2018,Consumer Price Index Research Series Using Current Methods (CPI-U-RS),Michigan,250.0
O,2018,2018,,A,false,Minnesota,State,25,United States:::Minnesota,United States,71600,2018,Consumer Price Index Research Series Using Current Methods (CPI-U-RS),Minnesota,330.0
O,2018,2018,,A,false,Mississippi,State,26,United States:::Mississippi,United States,45500,2018,Consumer Price Index Research Series Using Current Methods (CPI-U-RS),Mississippi,490.0
O,2018,2018,,A,false,Missouri,State,27,United States:::Missouri,United States,55500,2018,Consumer Price Index Research Series Using Current Methods (CPI-U-RS),Missouri,460.0
O,2018,2018,,A,false,Montana,State,28,United States:::Montana,United States,56300,2018,Consumer Price Index Research Series Using Current Methods (CPI-U-RS),Montana,730.0
O,2018,2018,,A,false,Nebraska,State,29,United States:::Nebraska,United States,60600,2018,Consumer Price Index Research Series Using Current Methods (CPI-U-RS),Nebraska,660.0
O,2018,2018,,A,false,Nevada,State,30,United States:::Nevada,United States,59700,2018,Consumer Price Index Research Series Using Current Methods (CPI-U-RS),Nevada,700.0
O,2018,2018,,A,false,New Hampshire,State,31,United States:::New Hampshire,United States,76300,2018,Consumer Price Index Research Series Using Current Methods (CPI-U-RS),New Hampshire,960.0
O,2018,2018,,A,false,New Jersey,State,32,United States:::New Jersey,United States,83200,2018,Consumer Price Index Research Series Using Current Methods (CPI-U-RS),New Jersey,430.0
O,2018,2018,,A,false,New Mexico,State,33,United States:::New Mexico,United States,48000,2018,Consumer Price Index Research Series Using Current Methods (CPI-U-RS),New Mexico,560.0
O,2018,2018,,A,false,New York,State,34,United States:::New York,United States,69100,2018,Consumer Price Index Research Series Using Current Methods (CPI-U-RS),New York,390.0
O,2018,2018,,A,false,North Carolina,State,35,United States:::North Carolina,United States,54800,2018,Consumer Price Index Research Series Using Current Methods (CPI-U-RS),North Carolina,350.0
O,2018,2018,,A,false,North Dakota,State,36,United States:::North Dakota,United States,65000,2018,Consumer Price Index Research Series Using Current Methods (CPI-U-RS),North Dakota,1440.0
O,2018,2018,,A,false,Ohio,State,37,United States:::Ohio,United States,57100,2018,Consumer Price Index Research Series Using Current Methods (CPI-U-RS),Ohio,260.0
O,2018,2018,,A,false,Oklahoma,State,38,United States:::Oklahoma,United States,52900,2018,Consumer Price Index Research Series Using Current Methods (CPI-U-RS),Oklahoma,280.0
O,2018,2018,,A,false,Oregon,State,39,United States:::Oregon,United States,64600,2018,Consumer Price Index Research Series Using Current Methods (CPI-U-RS),Oregon,650.0
O,2018,2018,,A,false,Pennsylvania,State,40,United States:::Pennsylvania,United States,62000,2018,Consumer Price Index Research Series Using Current Methods (CPI-U-RS),Pennsylvania,190.0
O,2018,2018,,A,false,Rhode Island,State,41,United States:::Rhode Island,United States,65500,2018,Consumer Price Index Research Series Using Current Methods (CPI-U-RS),Rhode Island,1270.0
O,2018,2018,,A,false,South Carolina,State,42,United States:::South Carolina,United States,53300,2018,Consumer Price Index Research Series Using Current Methods (CPI-U-RS),South Carolina,390.0
O,2018,2018,,A,false,South Dakota,State,43,United States:::South Dakota,United States,57300,2018,Consumer Price Index Research Series Using Current Methods (CPI-U-RS),South Dakota,900.0
O,2018,2018,,A,false,Tennessee,State,44,United States:::Tennessee,United States,53300,2018,Consumer Price Index Research Series Using Current Methods (CPI-U-RS),Tennessee,300.0
O,2018,2018,,A,false,Texas,State,45,United States:::Texas,United States,61700,2018,Consumer Price Index Research Series Using Current Methods (CPI-U-RS),Texas,170.0
O,2018,2018,,A,false,Utah,State,46,United States:::Utah,United States,72700,2018,Consumer Price Index Research Series Using Current Methods (CPI-U-RS),Utah,460.0
O,2018,2018,,A,false,Vermont,State,47,United States:::Vermont,United States,61900,2018,Consumer Price Index Research Series Using Current Methods (CPI-U-RS),Vermont,960.0
O,2018,2018,,A,false,Virginia,State,48,United States:::Virginia,United States,73900,2018,Consumer Price Index Research Series Using Current Methods (CPI-U-RS),Virginia,420.0
O,2018,2018,,A,false,Washington,State,49,United States:::Washington,United States,75400,2018,Consumer Price Index Research Series Using Current Methods (CPI-U-RS),Washington,430.0
O,2018,2018,,A,false,West Virginia,State,50,United States:::West Virginia,United States,44900,2018,Consumer Price Index Research Series Using Current Methods (CPI-U-RS),West Virginia,630.0
O,2018,2018,,A,false,Wisconsin,State,51,United States:::Wisconsin,United States,61900,2018,Consumer Price Index Research Series Using Current Methods (CPI-U-RS),Wisconsin,240.0
O,2018,2018,,A,false,Wyoming,State,52,United States:::Wyoming,United States,62700,2018,Consumer Price Index Research Series Using Current Methods (CPI-U-RS),Wyoming,870.0
Q,2019,2019,,A,true,United States,country,1,United States,United States,65700,2019,Consumer Price Index Research Series Using Current Methods (CPI-U-RS),,70.0
Q,2019,2019,,A,false,Alabama,State,2,United States:::Alabama,United States,51700,2019,Consumer Price Index Research Series Using Current Methods (CPI-U-RS),Alabama,360.0
Q,2019,2019,,A,false,Alaska,State,3,United States:::Alaska,United States,75500,2019,Consumer Price Index Research Series Using Current Methods (CPI-U-RS),Alaska,1640.0
Q,2019,2019,,A,false,Arizona,State,4,United States:::Arizona,United States,62100,2019,Consumer Price Index Research Series Using Current Methods (CPI-U-RS),Arizona,270.0
Q,2019,2019,,A,false,Arkansas,State,5,United States:::Arkansas,United States,49000,2019,Consumer Price Index Research Series Using Current Methods (CPI-U-RS),Arkansas,520.0
Q,2019,2019,,A,false,California,State,6,United States:::California,United States,80400,2019,Consumer Price Index Research Series Using Current Methods (CPI-U-RS),California,190.0
Q,2019,2019,,A,false,Colorado,State,7,United States:::Colorado,United States,77100,2019,Consumer Price Index Research Series Using Current Methods (CPI-U-RS),Colorado,480.0
Q,2019,2019,,A,false,Connecticut,State,8,United States:::Connecticut,United States,78800,2019,Consumer Price Index Research Series Using Current Methods (CPI-U-RS),Connecticut,830.0
Q,2019,2019,,A,false,Delaware,State,9,United States:::Delaware,United States,70200,2019,Consumer Price Index Research Series Using Current Methods (CPI-U-RS),Delaware,990.0
Q,2019,2019,,A,false,District of Columbia,State,10,United States:::District of Columbia,United States,92300,2019,Consumer Price Index Research Series Using Current Methods (CPI-U-RS),District of Columbia,1520.0
Q,2019,2019,,A,false,Florida,State,11,United States:::Florida,United States,59200,2019,Consumer Price Index Research Series Using Current Methods (CPI-U-RS),Florida,270.0
Q,2019,2019,,A,false,Georgia,State,12,United States:::Georgia,United States,62000,2019,Consumer Price Index Research Series Using Current Methods (CPI-U-RS),Georgia,270.0
Q,2019,2019,,A,false,Hawaii,State,13,United States:::Hawaii,United States,83100,2019,Consumer Price Index Research Series Using Current Methods (CPI-U-RS),Hawaii,1300.0
Q,2019,2019,,A,false,Idaho,State,14,United States:::Idaho,United States,61000,2019,Consumer Price Index Research Series Using Current Methods (CPI-U-RS),Idaho,650.0
Q,2019,2019,,A,false,Illinois,State,15,United States:::Illinois,United States,69200,2019,Consumer Price Index Research Series Using Current Methods (CPI-U-RS),Illinois,360.0
Q,2019,2019,,A,false,Indiana,State,16,United States:::Indiana,United States,57600,2019,Consumer Price Index Research Series Using Current Methods (CPI-U-RS),Indiana,410.0
Q,2019,2019,,A,false,Iowa,State,17,United States:::Iowa,United States,61700,2019,Consumer Price Index Research Series Using Current Methods (CPI-U-RS),Iowa,460.0
Q,2019,2019,,A,false,Kansas,State,18,United States:::Kansas,United States,62100,2019,Consumer Price Index Research Series Using Current Methods (CPI-U-RS),Kansas,420.0
Q,2019,2019,,A,false,Kentucky,State,19,United States:::Kentucky,United States,52300,2019,Consumer Price Index Research Series Using Current Methods (CPI-U-RS),Kentucky,380.0
Q,2019,2019,,A,false,Louisiana,State,20,United States:::Louisiana,United States,51100,2019,Consumer Price Index Research Series Using Current Methods (CPI-U-RS),Louisiana,360.0
Q,2019,2019,,A,false,Maine,State,21,United States:::Maine,United States,58900,2019,Consumer Price Index Research Series Using Current Methods (CPI-U-RS),Maine,1070.0
Q,2019,2019,,A,false,Maryland,State,22,United States:::Maryland,United States,86700,2019,Consumer Price Index Research Series Using Current Methods (CPI-U-RS),Maryland,570.0
Q,2019,2019,,A,false,Massachusetts,State,23,United States:::Massachusetts,United States,85800,2019,Consumer Price Index Research Series Using Current Methods (CPI-U-RS),Massachusetts,600.0
Q,2019,2019,,A,false,Michigan,State,24,United States:::Michigan,United States,59600,2019,Consumer Price Index Research Series Using Current Methods (CPI-U-RS),Michigan,350.0
Q,2019,2019,,A,false,Minnesota,State,25,United States:::Minnesota,United States,74600,2019,Consumer Price Index Research Series Using Current Methods (CPI-U-RS),Minnesota,500.0
Q,2019,2019,,A,false,Mississippi,State,26,United States:::Mississippi,United States,45800,2019,Consumer Price Index Research Series Using Current Methods (CPI-U-RS),Mississippi,720.0
Q,2019,2019,,A,false,Missouri,State,27,United States:::Missouri,United States,57400,2019,Consumer Price Index Research Series Using Current Methods (CPI-U-RS),Missouri,390.0
Q,2019,2019,,A,false,Montana,State,28,United States:::Montana,United States,57200,2019,Consumer Price Index Research Series Using Current Methods (CPI-U-RS),Montana,730.0
Q,2019,2019,,A,false,Nebraska,State,29,United States:::Nebraska,United States,63200,2019,Consumer Price Index Research Series Using Current Methods (CPI-U-RS),Nebraska,570.0
Q,2019,2019,,A,false,Nevada,State,30,United States:::Nevada,United States,63300,2019,Consumer Price Index Research Series Using Current Methods (CPI-U-RS),Nevada,620.0
Q,2019,2019,,A,false,New Hampshire,State,31,United States:::New Hampshire,United States,77900,2019,Consumer Price Index Research Series Using Current Methods (CPI-U-RS),New Hampshire,1210.0
Q,2019,2019,,A,false,New Jersey,State,32,United States:::New Jersey,United States,85800,2019,Consumer Price Index Research Series Using Current Methods (CPI-U-RS),New Jersey,460.0
Q,2019,2019,,A,false,New Mexico,State,33,United States:::New Mexico,United States,51900,2019,Consumer Price Index Research Series Using Current Methods (CPI-U-RS),New Mexico,590.0
Q,2019,2019,,A,false,New York,State,34,United States:::New York,United States,72100,2019,Consumer Price Index Research Series Using Current Methods (CPI-U-RS),New York,270.0
Q,2019,2019,,A,false,North Carolina,State,35,United States:::North Carolina,United States,57300,2019,Consumer Price Index Research Series Using Current Methods (CPI-U-RS),North Carolina,370.0
Q,2019,2019,,A,false,North Dakota,State,36,United States:::North Dakota,United States,64600,2019,Consumer Price Index Research Series Using Current Methods (CPI-U-RS),North Dakota,1830.0
Q,2019,2019,,A,false,Ohio,State,37,United States:::Ohio,United States,58600,2019,Consumer Price Index Research Series Using Current Methods (CPI-U-RS),Ohio,340.0
Q,2019,2019,,A,false,Oklahoma,State,38,United States:::Oklahoma,United States,54400,2019,Consumer Price Index Research Series Using Current Methods (CPI-U-RS),Oklahoma,360.0
Q,2019,2019,,A,false,Oregon,State,39,United States:::Oregon,United States,67100,2019,Consumer Price Index Research Series Using Current Methods (CPI-U-RS),Oregon,530.0
Q,2019,2019,,A,false,Pennsylvania,State,40,United States:::Pennsylvania,United States,63500,2019,Consumer Price Index Research Series Using Current Methods (CPI-U-RS),Pennsylvania,260.0
Q,2019,2019,,A,false,Rhode Island,State,41,United States:::Rhode Island,United States,71200,2019,Consumer Price Index Research Series Using Current Methods (CPI-U-RS),Rhode Island,950.0
Q,2019,2019,,A,false,South Carolina,State,42,United States:::South Carolina,United States,56200,2019,Consumer Price Index Research Series Using Current Methods (CPI-U-RS),South Carolina,510.0
Q,2019,2019,,A,false,South Dakota,State,43,United States:::South Dakota,United States,59500,2019,Consumer Price Index Research Series Using Current Methods (CPI-U-RS),South Dakota,1180.0
Q,2019,2019,,A,false,Tennessee,State,44,United States:::Tennessee,United States,56100,2019,Consumer Price Index Research Series Using Current Methods (CPI-U-RS),Tennessee,400.0
Q,2019,2019,,A,false,Texas,State,45,United States:::Texas,United States,64000,2019,Consumer Price Index Research Series Using Current Methods (CPI-U-RS),Texas,300.0
Q,2019,2019,,A,false,Utah,State,46,United States:::Utah,United States,75800,2019,Consumer Price Index Research Series Using Current Methods (CPI-U-RS),Utah,660.0
Q,2019,2019,,A,false,Vermont,State,47,United States:::Vermont,United States,63000,2019,Consumer Price Index Research Series Using Current Methods (CPI-U-RS),Vermont,1070.0
Q,2019,2019,,A,false,Virginia,State,48,United States:::Virginia,United States,76500,2019,Consumer Price Index Research Series Using Current Methods (CPI-U-RS),Virginia,510.0
Q,2019,2019,,A,false,Washington,State,49,United States:::Washington,United States,78700,2019,Consumer Price Index Research Series Using Current Methods (CPI-U-RS),Washington,560.0
Q,2019,2019,,A,false,West Virginia,State,50,United States:::West Virginia,United States,48900,2019,Consumer Price Index Research Series Using Current Methods (CPI-U-RS),West Virginia,690.0
Q,2019,2019,,A,false,Wisconsin,State,51,United States:::Wisconsin,United States,64200,2019,Consumer Price Index Research Series Using Current Methods (CPI-U-RS),Wisconsin,360.0
Q,2019,2019,,A,false,Wyoming,State,52,United States:::Wyoming,United States,65000,2019,Consumer Price Index Research Series Using Current Methods (CPI-U-RS),Wyoming,1290.0
